|05/03/2018 13:17| 720 |[[1, -1, -1], [-1, 1, -1], [-1, -1, 1], [1, 1, -1], [1, -1, 1], [-1, 1, 1], [1, 1, 1], [-1, -1, -1], [1, 0, -1]]| |[[       nan        nan        nan ... 0.39370743 0.39369391 0.39365991]
 [       nan        nan        nan ... 0.         0.         0.4635437 ]
 [       nan        nan        nan ... 0.41820867 0.41839389 0.41857544]
 [       nan        nan        nan ... 0.         0.         0.        ]]| |[[0.42359229 0.59842005 0.72528964 ... 0.48075082 0.4716032  0.3504632 ]
 [0.79676204 0.43526217 0.25813196 ...        nan        nan 0.00972751]
 [       nan 0.66129934 0.22808474 ... 0.68339122 0.66630592 0.49715245]
 [0.70396866 0.39878628 0.30169336 ...        nan        nan        nan]]| |[[[[ 1.  1. -1.]
   [ 1.  0. -1.]
   [ 1.  1.  1.]
   [ 1. -1.  1.]
   [ 1. -1. -1.]
   [-1.  1.  1.]]

  [[ 1.  1. -1.]
   [-1.  1.  1.]
   [-1. -1. -1.]
   [ 1.  1.  1.]
   [ 1. -1.  1.]
   [-1. -1.  1.]]

  [[ 1. -1.  1.]
   [ 1.  0. -1.]
   [ 1. -1. -1.]
   [-1.  1.  1.]
   [ 1.  1. -1.]
   [-1. -1. -1.]]

  ...

  [[ 1.  0. -1.]
   [-1.  1.  1.]
   [ 1.  1. -1.]
   [ 1.  1.  1.]
   [ 1. -1.  1.]
   [-1. -1.  1.]]

  [[ 1. -1.  1.]
   [-1. -1.  1.]
   [-1.  1.  1.]
   [-1.  1. -1.]
   [-1. -1. -1.]
   [ 1.  1.  1.]]

  [[ 1.  1. -1.]
   [-1. -1. -1.]
   [ 1.  1.  1.]
   [ 1. -1. -1.]
   [-1.  1. -1.]
   [-1. -1.  1.]]]


 [[[ 1. -1. -1.]
   [ 1.  1.  1.]
   [-1.  1.  1.]
   [ 1.  0. -1.]
   [-1. -1.  1.]
   [-1. -1. -1.]]

  [[-1. -1. -1.]
   [-1. -1.  1.]
   [-1.  1. -1.]
   [ 1. -1.  1.]
   [ 1. -1. -1.]
   [ 1.  0. -1.]]

  [[ 1.  1. -1.]
   [ 1.  1.  1.]
   [-1. -1.  1.]
   [-1.  1.  1.]
   [-1.  1. -1.]
   [-1. -1. -1.]]

  ...

  [[ 1.  1. -1.]
   [ 1.  1.  1.]
   [-1. -1.  1.]
   [ 1. -1.  1.]
   [-1. -1. -1.]
   [ 1. -1. -1.]]

  [[-1. -1. -1.]
   [-1. -1.  1.]
   [ 1.  1. -1.]
   [-1.  1. -1.]
   [ 1. -1. -1.]
   [ 1.  1.  1.]]

  [[-1. -1.  1.]
   [-1. -1. -1.]
   [ 1.  1.  1.]
   [-1.  1.  1.]
   [ 1. -1.  1.]
   [-1.  1. -1.]]]


 [[[ 1. -1.  1.]
   [ 1. -1. -1.]
   [ 1.  1.  1.]
   [ 1.  1. -1.]
   [-1. -1.  1.]
   [ 1.  0. -1.]]

  [[ 1.  1. -1.]
   [-1.  1.  1.]
   [ 1. -1. -1.]
   [ 1.  1.  1.]
   [-1. -1. -1.]
   [ 1.  0. -1.]]

  [[ 1. -1.  1.]
   [ 1. -1. -1.]
   [-1.  1.  1.]
   [-1. -1. -1.]
   [ 1.  0. -1.]
   [-1. -1.  1.]]

  ...

  [[ 1.  1. -1.]
   [-1.  1. -1.]
   [-1. -1. -1.]
   [ 1. -1. -1.]
   [ 1.  1.  1.]
   [ 1.  0. -1.]]

  [[ 1.  0. -1.]
   [ 1. -1. -1.]
   [ 1. -1.  1.]
   [-1. -1. -1.]
   [ 1.  1. -1.]
   [-1. -1.  1.]]

  [[ 1. -1.  1.]
   [ 1.  0. -1.]
   [-1. -1.  1.]
   [-1.  1.  1.]
   [-1. -1. -1.]
   [-1.  1. -1.]]]


 [[[-1.  1.  1.]
   [-1.  1. -1.]
   [ 1.  1. -1.]
   [ 1. -1.  1.]
   [ 1.  0. -1.]
   [ 1. -1. -1.]]

  [[-1. -1. -1.]
   [-1.  1.  1.]
   [ 1.  0. -1.]
   [ 1. -1.  1.]
   [-1.  1. -1.]
   [ 1. -1. -1.]]

  [[-1.  1.  1.]
   [ 1.  1. -1.]
   [-1.  1. -1.]
   [ 1. -1. -1.]
   [ 1. -1.  1.]
   [ 1.  0. -1.]]

  ...

  [[ 1. -1. -1.]
   [-1.  1.  1.]
   [-1. -1. -1.]
   [-1. -1.  1.]
   [ 1.  1. -1.]
   [ 1.  0. -1.]]

  [[-1. -1. -1.]
   [ 1.  1.  1.]
   [ 1.  0. -1.]
   [-1.  1. -1.]
   [-1. -1.  1.]
   [-1.  1.  1.]]

  [[-1.  1.  1.]
   [ 1.  0. -1.]
   [ 1. -1. -1.]
   [ 1. -1.  1.]
   [ 1.  1.  1.]
   [-1. -1.  1.]]]]| 6 |[8 6 3 1 0 7 7 0 2 5 0 8 4 8 0 4 8 5 5 1 0 3 8 7 0 4 2 3 5 1 0 0 2 1 5 2 1
 3 5 1 7 6 0 4 0 1 8 0 8 7 3 0 0 4 1 3 4 1 0 3 4 2 6 1 7 4 6 4 5 5 4 4 7 2
 7 7 0 4 4 3 3 6 2 1 2 7 1 7 6 6 4 1 8 3 3 2]| 18 |[[[ 1.  0. -1.]
  [-1.  1.  1.]
  [-1.  1. -1.]
  [-1. -1. -1.]
  [ 1. -1. -1.]
  [-1. -1.  1.]]

 [[ 1.  1.  1.]
  [-1.  1.  1.]
  [-1. -1.  1.]
  [ 1. -1. -1.]
  [ 1.  1. -1.]
  [ 1.  0. -1.]]

 [[ 1.  1. -1.]
  [ 1.  0. -1.]
  [-1. -1. -1.]
  [-1.  1.  1.]
  [-1. -1.  1.]
  [ 1.  1.  1.]]

 ...

 [[ 1.  1. -1.]
  [ 1.  1.  1.]
  [ 1. -1.  1.]
  [ 1.  0. -1.]
  [ 1. -1. -1.]
  [-1. -1.  1.]]

 [[ 1.  1. -1.]
  [-1.  1. -1.]
  [ 1.  1.  1.]
  [-1. -1.  1.]
  [-1.  1.  1.]
  [ 1. -1. -1.]]

 [[-1. -1.  1.]
  [ 1.  1.  1.]
  [ 1. -1.  1.]
  [-1.  1. -1.]
  [ 1. -1. -1.]
  [ 1.  0. -1.]]]| 40 0.25 |[ 1.43051283e-315  5.30498959e-313  1.55716060e-225  1.43065198e-315
  5.30498959e-313  1.55719151e-225  1.43065210e-315  5.30498959e-313
  1.55722243e-225  1.43065221e-315  5.30498959e-313  1.55725335e-225
  1.43065233e-315  5.30498959e-313  1.55728427e-225  1.43065245e-315
  5.30498959e-313  1.55731518e-225  1.43065257e-315  5.30498959e-313
 -5.48612928e+303 -5.48612928e+303 -5.48612928e+303 -5.48612928e+303
 -5.48612928e+303 -5.85095130e+307 -3.77162030e+304 -5.48612930e+303
 -5.48612928e+303 -5.48612928e+303 -5.48612928e+303 -5.48657400e+303
 -1.36793142e+306 -5.48612928e+303 -5.54438733e+303 -3.70313584e+304
 -5.48612928e+303 -5.48612928e+303  2.11370674e-314  1.43065340e-315
  2.54639506e-313  1.55160575e-225  1.43065352e-315  3.18299380e-313
  1.55759344e-225  1.43065364e-315  3.18299380e-313  1.55762436e-225
  1.43065376e-315  3.18299380e-313  1.55765528e-225  1.43065387e-315
  3.18299380e-313  1.55768620e-225  1.43065399e-315  3.18299380e-313
  1.55771711e-225  1.43065411e-315  3.18299380e-313  1.55774803e-225
  1.43065423e-315  3.18299380e-313  1.55777895e-225  1.43065435e-315
  3.18299380e-313  1.55780987e-225  1.43065447e-315  3.18299380e-313
  1.55784078e-225  1.43065459e-315  3.18299380e-313 -6.29475454e-310
  1.43051322e-315  3.18299380e-313  1.55790262e-225  1.43065482e-315
  3.18299380e-313  1.55793354e-225  1.43065494e-315  3.18299380e-313
  1.55796445e-225  1.47293107e-225  3.18299380e-313  0.00000000e+000
  1.43065518e-315  3.39519338e-313  1.55802629e-225  1.43065530e-315
  3.39519338e-313  1.55185309e-225  1.43065542e-315  4.03179212e-313
  1.55808812e-225  1.43065554e-315  4.03179212e-313  1.55811904e-225]| |[[347.40988185 239.12566099 117.29975542 117.64924273 214.46332763
  277.22949798]
 [ 47.9763434  106.06292726 241.03879181 220.83490729 131.18661645
    7.65666755]
 [ 24.67827943 332.57653555 191.1722308  279.02368909 112.74787056
  226.40437027]
 [164.41523093 217.561241    80.27173602  98.544202    23.20818146
  322.23051198]
 [114.41227941 329.2879859  199.48237574 262.55291679  33.75578058
   55.12772802]
 [341.09253684 142.43957136 244.27169803  11.08711798  77.55942841
  205.10946027]
 [164.9043269  238.16506694  41.41264587 143.45650248 339.29689206
  274.85450429]
 [146.89966562  51.05447917  97.14871643 220.46707017 197.00907978
  344.02586603]
 [200.00248936 250.80892329  13.70293293 282.11095992 166.75348066
  131.62840987]
 [  6.87775855  67.32972351 300.84231343 206.96126859  93.44158916
  212.91670438]
 [301.33982849 229.5452494  127.39017931  83.90889813 149.44004398
  300.95228423]
 [ 92.03852212 196.60863843 339.24636206 258.37903791 281.05791335
  139.8933964 ]
 [229.12092336  80.52732461 334.59533602  38.3718501  143.57906033
   93.55918822]
 [149.40571048   3.74713539 238.24014576 282.9559548   65.05587171
   98.54193073]
 [258.06732952 356.34419771 123.30254704  50.41947633  90.29091627
  217.16029486]
 [283.85578071 343.97840782 159.66706448  47.55183001 207.82056417
  263.16906743]
 [ 40.61616233 305.27252985 349.71462243 181.25968574 146.90226304
  215.0259728 ]
 [115.05046191  76.41070947  16.45924589 223.70810783 115.97680482
  257.67652964]
 [ 53.63210602  15.86484284 310.38266177 256.99603177 178.60399247
  219.67577317]
 [268.19817898  66.18366213   0.72035321 332.37332392 149.18613962
  170.37664708]
 [327.70490219 180.78401781  84.63662871 223.59686813 132.3925678
   84.59564929]
 [197.77998069 289.89425616 241.66547069 110.3860508   65.77878276
   36.46101505]
 [ 78.16971238 268.61914188  41.65768677 332.96236543 296.74123523
  248.21507024]
 [186.71729018  84.13454991 315.24784634  85.85316327 123.48917722
  308.13457265]
 [328.54892042 198.35971722  30.04767481 169.63102447 137.82954355
  281.34160063]
 [325.92250637 153.15543772 270.15106368 184.0614245   92.58825375
   21.53365182]
 [ 34.92237384 170.86085255  77.01923132 332.11078844  93.79714107
  339.29613827]
 [321.34318744 148.79672019 250.82452139  26.79401562 105.73493305
   61.64366209]
 [282.96266751 175.85250009 126.09487274 218.63132498  48.42343907
  329.21960344]
 [ 95.11644908 240.56363926 336.87618433 301.36838875  59.68013271
  171.27303646]
 [359.32419744 258.72320576 308.76702365 103.35603406 183.28817005
  134.80157148]
 [ 95.84599255 159.1650843  302.74846243  55.69846392  64.89814751
  331.74141077]
 [254.92176196 118.89864911  37.59876743 309.95848372 333.93864732
  211.38337602]
 [346.2738696  217.49158285 152.13098809 266.83827104  31.58561645
  117.3816093 ]
 [ 87.68323875 274.13855875  38.35879766 226.12923626 132.60148516
  345.75979865]
 [131.07686526 233.5437279   27.02823904  71.51225397 320.52885872
  184.23456457]
 [105.94307602 243.36687111  10.51680139 305.86197697  73.48886363
  166.30577793]
 [291.51273491 267.25176955 189.47091995 155.68274615  93.47605541
   10.59077824]
 [184.73779172 278.81206666 245.71142003  41.86336446 133.84358518
  103.59709296]
 [246.50178291 339.35332814  11.69555765  36.42000376 149.78060845
  321.32106989]
 [272.80840486 224.83409821 144.08538655 306.93827133   9.52520331
   85.06323523]
 [323.62632473 154.03493588 344.64943932 233.14596246  33.80480957
  251.15998786]
 [146.18959657  27.43724508 230.4145859  305.07818909 258.07638225
  111.30253354]
 [191.75751889  36.9635823  306.49645969 295.99358864 124.16028067
   71.58300854]
 [ 11.94157328 113.42977593  30.38158595 215.80406946 284.88252509
  139.43881145]
 [270.09214337 216.30247702 118.9383772  161.64509559  60.12078935
  315.02484748]
 [  3.74378138 258.63178616 213.90603074 164.14790022 128.10855048
  314.0894195 ]
 [356.14431773  58.41512949 284.61029336 222.68399056 124.61557174
  176.84205709]
 [177.75217358 127.79329739 271.21938851  27.08657586 209.50269353
  319.42523922]
 [237.93575486 341.68555128  38.6293279  284.61944355 216.83428718
   69.24972427]
 [140.93833904   9.14199984 322.71792307 113.13000225  42.78519833
  298.67071069]
 [ 45.96217861 135.79278386 247.72330647 301.22746768 340.6646029
   17.17846467]
 [170.48065801 201.51601675  31.95248412 273.42577859 111.67418569
  349.9949444 ]
 [ 14.33629973 107.8758     231.01718571  77.70494644 174.02144287
  342.70300386]
 [252.28367183 139.70430183 139.61968724 285.13935818 350.89890429
   24.43740207]
 [228.30877069  86.18469584 227.43801508 165.44904986  49.07050806
  313.18862592]
 [263.53808794 297.3188348  320.01835167  89.3726411    2.23534226
  188.31511811]
 [142.26375844 203.5531698  278.51489534 195.83359692 309.30513743
   67.31079633]
 [222.54112006 148.91036091 218.5849788   88.09471972  48.51432236
  333.67206711]
 [ 23.8107205  155.11270226 272.76692889 247.14340102  14.07278051
  192.76901937]
 [164.95906806 229.04995094 255.89988485   0.90015024  74.46534846
  325.34940253]
 [259.66816291  20.6047456  165.39662489  77.21810054 340.6422631
  342.55437446]
 [ 33.8057709    8.61359071  92.51527588 206.29558631 105.3514371
  272.67376775]
 [294.28895388  23.34499319 181.6392153  336.29421544 120.73958106
  217.17105134]
 [131.99498749 232.88683912  24.85708175 198.27038214 324.26719229
   31.33201857]
 [ 25.48267469 179.32672214 247.94025743 337.86605764 292.45726395
   87.11948131]
 [ 86.46411007 268.88576467 201.52618066   1.29611576  92.88751471
  311.8438818 ]
 [ 39.19616129  75.35009875 131.55020859 324.6889417  142.24245667
  268.91729358]
 [  6.29732745  50.02842653 322.92478492 117.47500495 262.50214214
  154.14446277]
 [285.53036865  34.60782807 203.17436402  46.71908736 148.01761256
  338.17846998]
 [355.66591447  64.2063841  169.07585557 136.49654185 316.79919399
   21.95587971]
 [330.40333924  70.65474428 103.23375468 253.57207035 196.35136095
  149.40492816]
 [100.79482884 228.97565756 159.55577023 335.42359237   9.9072252
  297.52618767]
 [ 14.57306734 210.83163044 104.45402286 307.94498856 337.72220698
  136.01759068]
 [173.76319114 270.96520711 226.99265743  96.702038    49.93898438
   11.04996658]
 [280.3543081   87.89744224  41.66496709 187.91714577 149.11402165
  201.47207136]
 [116.46679127 240.96793576  92.45046166  18.30750557 207.80848553
  311.07177439]
 [283.887981    35.01624975 353.76836211 174.93621233 249.21362064
   74.11012279]
 [ 36.15631227 290.3791609  187.79658587 341.68348746 112.84081659
   58.70868155]
 [308.52868842  55.65616025 144.11516535 213.12592608 128.62924331
  293.54620864]
 [197.53818468 263.47468336  16.69128606 314.20800689 144.02007661
  168.98267636]
 [210.22733289  15.72492374  60.2335148  113.47193776 333.48375789
  151.13731541]
 [229.03735309 274.20775552  10.02340986 202.93303211 319.60660098
  145.61904693]
 [  0.37349102 322.16261581 231.763802   327.467601   123.80880799
  233.9935474 ]
 [167.36300971 295.61519039  60.50024814 224.39533908  15.79150399
  296.22483422]
 [ 96.94712815 230.15775498  33.75623003 297.30434779  40.74465942
  216.35328042]
 [267.90043838 218.60070192 132.68639661  42.94363181 358.48105463
   33.03765164]
 [225.39823787  47.99287851 352.16340694 264.44588697 165.76541145
   59.58847   ]
 [345.76044956  18.44988869 177.58939854 311.30143227  55.86878941
  268.68847854]
 [128.38930958 160.87669256  42.13484208 240.28853009 242.13589235
  331.90436379]
 [ 17.63903739 125.59114899 310.36422892  72.19225206 336.66149697
  247.57854243]
 [223.11141393 113.22619898 305.55455693  54.19768462 193.94953133
   35.23446167]
 [  1.69108743 221.91462734 333.75883244  40.30965593 166.57514067
  111.29746496]
 [ 29.78930558 200.20024202 102.61273491  49.25947501 356.57370015
  274.47181626]
 [191.70700807 100.5921705   22.11199638 259.35049447 271.35556309
  326.29058585]
 [231.9514392  161.68324071 192.27433712 100.67989255 343.2234474
   18.71676466]]| booth |[[nan nan nan ...  0.  0.  0.]
 [nan nan nan ...  0.  0.  0.]
 [nan nan nan ...  0.  0.  0.]
 [nan nan nan ...  0.  0.  0.]]| 0503181_sustAttnWM03 |[[[nan nan nan nan nan nan]
  [nan nan nan nan nan nan]
  [nan nan nan nan nan nan]
  ...
  [nan nan nan nan nan nan]
  [nan nan nan nan nan nan]
  [nan nan nan nan nan nan]]

 [[nan nan nan nan nan nan]
  [nan nan nan nan nan nan]
  [nan nan nan nan nan nan]
  ...
  [nan nan nan nan nan nan]
  [nan nan nan nan nan nan]
  [nan nan nan nan nan nan]]

 [[nan nan nan nan nan nan]
  [nan nan nan nan nan nan]
  [nan nan nan nan nan nan]
  ...
  [nan nan nan nan nan nan]
  [nan nan nan nan nan nan]
  [nan nan nan nan nan nan]]

 [[nan nan nan nan nan nan]
  [nan nan nan nan nan nan]
  [nan nan nan nan nan nan]
  ...
  [nan nan nan nan nan nan]
  [nan nan nan nan nan nan]
  [nan nan nan nan nan nan]]]| |[[       nan        nan        nan ... 0.5528984  0.55278826 0.5526645 ]
 [       nan        nan        nan ... 0.         0.         0.59320687]
 [       nan        nan        nan ... 0.55661103 0.55678121 0.55692803]
 [       nan        nan        nan ... 0.         0.         0.        ]]| |[ 4.  2. -2. -4. -2.  2.]| |[ 0.00000000e+00  3.46410162e+00  3.46410162e+00  4.89858720e-16
 -3.46410162e+00 -3.46410162e+00]| |[[1 1 1 ... 1 1 1]
 [1 1 1 ... 1 1 1]
 [1 1 1 ... 1 1 1]
 [1 1 1 ... 1 1 1]]| 1 |[[1, -1, -1], [-1, 1, -1], [-1, -1, 1], [1, 1, -1], [1, -1, 1], [-1, 1, 1], [1, 1, 1], [-1, -1, -1], [1, 0, -1]]| C:/Users/AwhVogelLab/Desktop/Megan/sustAttnWM03/ |[0.40019169 0.49943289 0.48049256 0.3818317  0.42895967 0.57386609
 0.44904737 0.4779328  0.55069351 0.56181949 0.46577585 0.41790047
 0.54148474 0.47627688 0.58463171 0.40457442 0.43421136 0.57873721
 0.52214588 0.51081114 0.61094138 0.43908383 0.48601807 0.39386524
 0.58911086 0.55949035 0.56268314 0.50851346 0.44396713 0.52475995
 0.5275156  0.46931409 0.57318402 0.45234348 0.51663738 0.39412341
 0.56432506 0.45168477 0.39829681 0.42497351 0.59897744 0.40365995
 0.48514677 0.47912246 0.51482056 0.58660851 0.42435864 0.55324217
 0.59400593 0.60446091 0.50311344 0.49004691 0.61034922 0.57860207
 0.42185908 0.38098414 0.45544365 0.59900615 0.53487794 0.47508378
 0.50101583 0.48259571 0.37787109 0.44520537 0.60104144 0.46571916
 0.43077015 0.60449978 0.55266978 0.39151416 0.41238807 0.61707664
 0.53824563 0.52745065 0.44345659 0.62118637 0.37852294 0.61048213
 0.45237323 0.39224182 0.46744111 0.61531275 0.47659095 0.61535831
 0.54165995 0.61236305 0.43240881 0.56347914 0.48125593 0.46369688
 0.40789563 0.48278775 0.5808783  0.56912492 0.55122117 0.38028572]| |[1, 2, 3, 4]| 100 |[3 0 0 1 1 3 1 1 2 0 3 1 2 1 2 3 0 1 0 2 3 2 0 2 3 3 0 3 3 1 3 1 2 3 0 1 1
 3 2 2 3 3 1 2 0 3 0 3 1 2 1 0 1 0 2 2 2 1 2 0 1 2 0 3 1 0 0 0 0 3 3 3 1 0
 1 3 1 3 0 3 2 2 2 0 1 1 2 2 3 1 0 2 0 0 2 2]| |[0 1 2 3 4 5]| square |[[4.72886636 1.77983771 1.76227685 4.10303101 3.67782403 3.29024927]
 [3.94447683 3.0911566  1.7764448  3.9291178  4.67938012 4.06584084]
 [3.15078217 4.64631276 3.71493955 2.9005705  3.25344217 2.40465118]
 [4.14324995 3.46177399 3.76813417 1.88242413 3.4283485  1.21263034]
 [3.98929056 2.42707172 2.21387628 3.89490748 1.45186119 4.55320955]
 [4.95327668 4.48454955 4.06986877 1.10625009 2.7446052  3.05591035]
 [4.53643151 3.38190076 2.79145674 2.18458274 3.18428913 2.06661014]
 [4.52901607 4.06159305 4.01591901 1.59640443 3.39754671 3.2431473 ]
 [3.43366062 3.86964922 1.63408721 3.79934977 1.64712842 4.25909178]
 [2.8668441  2.13045505 3.42610637 1.40752062 4.68040697 4.52987337]
 [1.62533706 2.87892817 2.04502984 4.82156199 3.7476194  4.40276618]
 [3.5772478  3.92033777 3.88442217 1.79086335 4.65719198 4.60562341]
 [1.15438501 4.21133038 3.7969842  2.67134097 3.97770398 1.7705593 ]
 [3.77507214 3.89202215 1.44827174 3.67218424 4.82738779 4.26144309]
 [1.45118845 3.39819802 3.16377437 2.80773288 4.13161155 3.76267346]
 [1.81884692 2.67012072 4.5423432  3.12769342 1.44611229 4.47868059]
 [2.30628537 1.06950854 3.76016162 3.22910682 1.69810362 4.26047444]
 [1.28907251 2.97248716 4.47596792 3.44637772 3.72993883 1.03084537]
 [3.43103745 3.46301068 4.10650696 3.51868807 4.62481183 2.70866436]
 [3.76573946 3.58681965 4.72542276 2.09369942 1.04848068 3.40554851]
 [1.22857672 1.64939185 3.73308079 4.10357208 3.10429581 1.40026439]
 [4.37933458 4.67142538 3.3778145  4.48726405 1.88234486 4.82793651]
 [1.25000292 2.09961172 3.69306266 2.86369812 4.89084912 4.72573908]
 [3.1646769  4.14484911 4.91899893 1.42586607 4.6678341  2.01569465]
 [2.50757425 4.09859873 2.77004777 1.62130865 4.32309562 4.0800627 ]
 [2.58010708 3.88507242 2.74957299 4.52361638 3.33533844 2.60067055]
 [4.11469222 2.29350253 1.89071986 3.80543199 4.26691628 1.29701481]
 [1.01177776 4.28767394 3.82909873 4.29598046 4.28503348 4.14840583]
 [4.72609944 4.51681818 2.7851201  1.49464179 4.42330771 1.10338403]
 [2.69122672 4.08485804 4.92179061 4.13563473 4.45107809 1.09743712]
 [2.94155036 4.2634843  3.81553736 3.17170949 2.7484648  4.15995903]
 [2.92622069 3.645414   1.37939945 3.20715684 1.02476687 3.26259651]
 [3.6921725  3.26671759 2.62621581 3.75638494 1.95031157 4.23403913]
 [3.21072805 3.97996966 4.10922229 2.28056905 2.51100449 1.44141297]
 [3.64198796 1.0558897  1.44381307 2.63018981 2.12829666 2.97354532]
 [3.62993159 2.28966761 3.72074261 1.42651006 4.08314725 2.87437524]
 [4.30252953 2.72327712 4.2313172  3.22868395 4.80146975 4.83261106]
 [1.19620329 4.40996693 4.05979992 2.62304405 3.94447328 2.3181838 ]
 [4.18429007 1.10479577 4.01765361 4.57710051 4.15267804 4.90662167]
 [2.17214325 4.82360784 4.66781661 2.96004017 3.20752489 1.37573163]
 [2.57114088 2.61455552 1.65512025 4.84524052 1.2081951  2.70463604]
 [2.47913852 4.77789328 4.79960756 1.89832601 2.93500505 4.84445848]
 [4.44436206 4.15538232 3.86824127 2.56518489 4.56032438 1.09394844]
 [1.5215272  2.69897105 4.53808128 2.08972864 4.28277371 4.16927711]
 [4.89065836 1.24712341 2.71991294 3.71393073 1.82022989 4.571531  ]
 [4.63885883 2.7449491  1.89758894 3.8389212  3.1294113  3.76554301]
 [4.18715337 4.85129478 4.09949968 1.51339523 3.10232768 3.65673634]
 [1.50948204 2.94140407 2.1340046  3.42591134 1.64403753 4.53279064]
 [1.59475026 2.9733132  4.20004713 2.43682729 3.48779882 4.52806255]
 [1.7593107  2.4880672  3.51516285 3.18660264 4.7639234  1.57527442]
 [2.32351693 3.28363637 4.94153527 3.80341245 1.7984336  3.53288242]
 [1.93025527 2.22067126 2.90801549 4.97369267 4.43921877 3.89648344]
 [2.73062884 4.78042675 2.06678561 4.44927373 2.00157773 3.19936416]
 [3.47034676 3.28135782 4.49527459 4.04720351 2.54211473 4.16233091]
 [1.42951203 1.40887339 4.60118946 3.85263554 2.2793457  4.11015619]
 [1.53607762 1.58479638 3.9944103  2.70741274 4.79980579 1.74253915]
 [4.76315076 3.06462212 1.03901206 2.90987422 4.28191542 3.79762195]
 [4.43499854 1.78187297 2.70737366 3.90680312 3.97936772 4.92739803]
 [3.84911996 4.27369782 1.30886322 1.52990766 2.98180321 1.74963386]
 [4.28037871 4.94798948 3.79992255 4.77958098 1.86452459 2.02873625]
 [4.50493138 4.19224746 2.40385872 4.07764738 1.23622193 1.40785477]
 [3.41497592 4.2918705  3.41405422 3.07621653 1.94233929 4.86106814]
 [4.18349986 1.69869574 2.07076622 3.48438121 4.21509253 2.81523379]
 [1.92289131 4.37525981 3.29136001 4.48032809 1.75305966 1.55624029]
 [4.81129967 3.78970848 4.89689074 3.24369964 3.58446529 1.50140112]
 [1.65967294 1.5484333  4.5658923  4.29039676 1.87590515 2.83488706]
 [1.93135786 2.35303425 1.8690695  1.98841803 4.92703149 4.26280947]
 [4.75844673 4.60617172 1.13809545 1.74138372 4.88980144 2.53155941]
 [1.33275856 4.40767396 3.14620627 4.80747377 2.23984307 2.69114132]
 [4.8378012  2.66408966 1.362619   4.74367217 4.05845686 3.65118932]
 [3.69402926 2.4539619  4.23635861 2.97722109 1.95611896 4.67631032]
 [2.53110707 3.93807751 1.07359535 3.61075396 3.19265933 4.14988632]
 [2.16419669 4.36026152 4.27985342 4.85830614 4.85087141 3.08902044]
 [4.70223164 4.73846376 4.51988041 1.54993852 3.76281245 3.5599106 ]
 [1.86880797 3.60162398 2.65259768 4.93876461 2.96344545 3.75039767]
 [3.05462802 2.27620591 3.64873754 3.65848371 3.32987831 1.33155444]
 [3.29853635 3.39092365 1.20335084 2.91778091 3.93462611 4.37078332]
 [4.39117355 4.15124136 1.85842693 1.30833134 3.871161   3.6843901 ]
 [4.59877153 4.63194199 1.58903117 1.8820466  3.14184751 1.25850203]
 [4.81264698 4.2048577  4.80491035 3.16184937 1.29460848 1.8748004 ]
 [3.03441224 2.954726   3.3172432  1.29664351 1.78644575 4.12674429]
 [2.20642653 4.6374076  2.75972826 4.56426337 2.64927817 2.12637451]
 [3.76051417 1.4827603  2.20042343 4.97494012 4.60425328 2.59038498]
 [3.97535452 1.69257075 1.39648737 4.52963626 3.66626414 4.49205785]
 [4.74326452 1.42277152 2.28898414 4.67800694 4.23488631 3.97657399]
 [2.88669386 3.67519289 4.10242487 4.08633608 1.67779845 1.26395783]
 [4.49769032 2.3247242  2.24589918 1.16025778 4.83597804 4.69680164]
 [4.34263425 1.76516366 4.15953967 4.95740482 4.16155345 4.39978808]
 [4.45387185 3.95487599 3.50611159 3.70333331 2.51598512 1.76753675]
 [2.9546475  3.75083366 1.70669614 1.06476771 4.19174569 3.85534421]
 [1.67539229 4.57072757 3.82925078 3.13895074 4.76187615 4.98755753]
 [2.80520161 2.48826023 2.88291074 1.79701063 4.01262798 4.7198872 ]
 [1.31271477 4.82391473 3.30886892 3.03020529 2.97610731 3.51501561]
 [4.67869624 2.12271038 1.03871483 3.09047102 2.59021204 4.8621441 ]
 [1.57550691 2.99464371 2.44268971 3.5790419  1.5590838  3.50223329]
 [3.26985624 4.09614887 4.53945658 2.99512507 2.79864272 4.72808055]]| False |[[-1.03077427 -1.52762548  1.56599303  3.63448568 -2.08120204 -3.26409193]
 [ 2.93022754  2.97047286 -1.55429637 -2.56917814  3.52155524  0.5417191 ]
 [ 1.31552287 -2.1399213  -0.71980258 -2.86467182  3.00037428 -1.74150721]
 [ 1.11314117 -2.1103288   3.71394928  1.86153211  1.3510201  -0.74271933]
 [ 3.63262846 -1.23956185 -0.73836512 -3.86205389  0.80673265  3.73558364]
 [-1.60506299  2.73377164 -3.66639297  0.21273337  2.68016181 -1.29677231]
 [ 1.1814301  -2.87316566  1.84648557  1.3007724  -1.12572768 -2.05919682]
 [ 2.4733267   3.1588796   3.98470121 -1.03608389 -0.9938614  -0.89252506]
 [-1.17452128 -3.65460343  0.38709545 -3.7147881   0.37742508  3.18353819]
 [ 0.34330875  1.96585218 -2.9415916  -0.63815308  4.67196593 -2.46162023]
 [-1.3881963  -2.19063008  1.62481448  4.79434155  1.90543855 -3.77579434]
 [ 3.57498389 -1.12056132 -1.3764466  -1.75415355 -4.5707257   2.96699688]
 [-0.87282187  4.15390552 -1.62893912  1.65826875  2.3616146   1.76714425]
 [ 1.92134421  0.25435625 -1.23141001 -3.57870036  4.3770865   4.21417272]
 [-1.41983007 -0.21667761  2.64422869  2.16400361  4.13155829 -2.27283156]
 [-1.76592137 -0.73695223  1.57834945  2.307888   -0.67490653 -4.44688841]
 [ 1.50136496 -0.87316233 -0.67138104 -0.07098834  0.92728153 -2.44528954]
 [ 1.16781619  2.88927219  1.26819063 -2.38139431  3.35310848 -1.00709287]
 [ 2.76276124  0.94667989 -3.12806761 -3.42844949  0.11267206 -1.72932626]
 [-3.76387753  3.28138244  0.05940898 -0.9708664   0.5370849   0.56930762]
 [-0.65640401 -0.02256907  3.71673708 -2.82974107  2.29265533  1.39403996]
 [-1.33728504 -4.3926452  -2.97312356  4.20621245  1.71663876  2.86912531]
 [ 1.22345179 -2.09900198  2.45470037 -1.30176746 -4.36776198 -4.38824321]
 [-0.37017365  4.12314925 -3.46317899  1.42213316  3.89292726 -1.58546993]
 [-1.30837795 -1.29098415  1.38701951  0.29181373  2.9022606  -4.00038777]
 [-1.4456693   1.75438845 -2.74956343 -0.32038912  3.33193589  0.95456996]
 [ 2.35552179  0.36428316  1.84240349 -1.7800418   4.25754943 -0.45854388]
 [-0.63201125  2.22134085 -3.61664896  1.93656059  4.12445863  3.65064179]
 [-4.60566156  0.32667584  2.2504957  -0.933115    3.30894217 -0.56465562]
 [ 2.68050353 -3.55751145 -1.93288274 -3.53116258  3.84226209  0.16650973]
 [-0.03469472 -4.18117322 -2.97496866  3.0859256  -0.15764616  2.9517048 ]
 [ 2.9110022   1.29658836 -1.16014878  2.64937834  0.92798285 -1.54468192]
 [-3.56505656  2.85993259  1.60232812 -2.87930664 -0.85683688 -2.20492651]
 [-0.76184543 -2.42238813  1.92086322 -2.27709763  1.31519402  1.27992146]
 [ 3.63901105 -1.0531364   0.89600736 -1.89611656  1.56659563 -0.73145508]
 [ 2.73634684 -1.84160392  1.69081554  1.35289001 -2.59561379 -0.21224338]
 [ 4.13703303 -2.43432432  0.77231629 -2.61662426  4.60347881  1.14407316]
 [-1.11287109 -4.40489489 -0.66802791  1.08014015  3.93721634  0.42606629]
 [-0.34560505 -1.09175492 -3.66203213  3.05455777  2.99505053  4.76910344]
 [-1.9920128  -1.70082354  0.94621951  1.75737545  1.61438714 -0.85977122]
 [-2.56805284 -1.84340903  0.97085869 -3.87272043  0.19993386  2.6946026 ]
 [-1.47025065  2.09187171 -1.27057189 -1.51897603  1.63293517 -4.58491166]
 [ 2.47304968  1.91470382 -2.98115873 -2.09926663 -4.46193038  1.01920459]
 [-0.31004195  1.62291095 -3.64813456 -1.87833816  3.54386689  3.95573659]
 [ 1.01194631  1.14429573  1.37561375 -2.17270622 -1.75916929  2.97268259]
 [-4.63885283 -1.62514168  1.66065717  1.20888439  2.71344233 -2.66148604]
 [ 0.27339945 -4.75611567 -2.28683403  0.41339161  2.4410446  -2.62646842]
 [-0.10150296  2.50567997 -2.06499915 -2.32261131  1.35301331  0.24970509]
 [ 0.06254915  2.34959149 -4.19909598  1.10957597 -1.71761702 -2.9452316 ]
 [-1.49093378 -0.78183001  2.19444428 -3.08343184 -2.85598479  1.47309189]
 [ 1.46417902  0.52171017 -2.99328327  3.49767867  1.22158914 -3.09972114]
 [ 1.38762402  1.54837501 -2.69097283 -4.25308328 -1.46981382  1.15082239]
 [ 0.45159289 -1.75327556  1.09377558 -4.44132307  1.86006431 -0.55584177]
 [ 0.85930257  3.12294744 -3.49433288  3.95437669  0.26477716 -1.23756428]
 [-1.36171714  0.91116423  2.98091829 -3.71892387 -0.36053995  1.70036679]
 [-1.14705061  1.58128404 -2.94206703  0.68021262  3.62633177 -1.27049314]
 [-4.73288994 -2.72281382 -0.66760911  2.90969979  0.16701262 -0.54920181]
 [ 2.7143406  -0.71203629 -2.67753137 -1.06594944 -3.07916874  4.54607059]
 [-2.60246376  2.20684559 -0.81630485  1.52906186  2.2337324  -0.77597695]
 [ 1.72805945  2.08228574 -3.79549247 -4.4042878   0.45336704 -0.4483937 ]
 [ 1.16907039 -3.1663259  -2.33143413  0.06405959  1.19106108 -0.80046459]
 [-3.3596039   1.51039154  0.86077307  2.99998572 -0.64381806 -1.45735102]
 [ 2.32761277  0.25441345  2.06877115 -1.5435883   4.06469861 -2.81216896]
 [-1.75268196  1.73376941 -0.09415199 -1.80127209  1.50675368 -0.94027508]
 [ 3.57577409 -3.02208541  2.05843868 -1.01690512 -2.09334965  0.78072337]
 [ 0.71405462  0.01819509 -4.23163586 -1.61650599 -1.73364534  2.83130519]
 [ 1.92768125 -2.35258932 -0.68581082  0.04497714  4.92077593 -3.17564512]
 [ 3.0072307   4.4564217   0.85172193 -1.00654614  2.99412993 -2.53110743]
 [ 0.14618755  3.37787938 -1.89673108  4.26524931 -2.22069183  1.17361637]
 [-4.66116666  1.51308624 -0.5362323   3.45339898  2.14959638 -1.35720807]
 [-0.27916497  2.20946695  0.80282903  2.0495141  -1.33907563  1.7484374 ]
 [-1.25009149  3.71573206  1.04508517 -3.46334937 -0.89881975  2.11215676]
 [ 2.12589941 -3.28951551  1.49493347 -2.02060045  0.83460855 -2.73934238]
 [ 1.18314941 -2.42854314  4.37681827 -1.22228385 -1.42647292  2.47213538]
 [ 0.20302358 -3.60111294 -1.93975528  4.90501556  2.2681011   0.7188199 ]
 [-3.00488376  2.27467347  2.42558478 -0.50392302  1.70933058 -0.48741238]
 [ 2.95282609 -2.96484819  1.20225045  0.91652407 -1.8355725  -3.29507735]
 [-4.26280573  2.38201855 -0.20172907  0.11547955 -3.6191874   3.54360844]
 [ 2.7132301  -4.34202275 -0.21556246 -0.59146338  2.89548537  1.07543723]
 [-3.76491622  3.4718117   2.81643631 -1.72789051  1.01135066 -1.71870112]
 [-0.91439384 -2.93558452  0.95276149 -0.92945115  1.04953998  0.78864471]
 [-1.11078614  1.25682646  2.39559869  4.18659459 -1.18277419  1.02642673]
 [-2.83970387 -1.4787636   0.38298488 -1.93851013 -2.9837042   1.46277143]
 [ 0.02591375 -1.03826095 -1.09689341 -2.43593164  3.046295   -3.63385376]
 [ 1.03769939 -1.2829386   1.99223526 -3.27275806  1.15247164 -3.56725298]
 [ 2.86550029 -2.82185482  2.27955602 -3.63104643  1.09508082 -0.74922664]
 [-4.4946709  -1.45037026  1.65090566  0.7904587  -0.12818965  2.5606495 ]
 [-3.09197492  1.31162542 -0.56714618 -4.93413096  1.02329511  3.79442924]
 [-1.0955479   1.25161987  0.14746888 -2.78212039  2.0826188  -1.7670737 ]
 [ 2.3158803   1.22878162  1.14498437 -0.92478516 -3.70574877 -1.8156539 ]
 [ 0.50767613  3.71687305 -2.91767004  2.98855748 -1.8864773  -4.61051442]
 [-1.91712868  2.28659945 -2.34542722  1.45744782 -0.96731268  2.72301479]
 [ 0.03873921 -3.22248383 -1.46301781  1.96029526  0.69096268  3.2749657 ]
 [ 2.32443235 -0.73297649  1.01364883  2.3415662  -0.15480293 -4.8473428 ]
 [-0.31968149  2.94361641  0.91947298 -3.51739663 -1.55864747 -1.94367334]
 [-2.57497474  1.28729734 -0.96505553  2.9432432  -0.80780025  1.51719438]]| |[[ 4.6151578  -0.913336   -0.80826081 -1.90404235 -3.0323238   0.41405811]
 [ 2.64058025 -0.85530118 -0.8601854  -2.97275803 -3.08143586  4.02959081]
 [ 2.86301029  4.12419193 -3.64453839  0.45493364 -1.25803024 -1.65816162]
 [-3.99091931 -2.74415589  0.63672276 -0.2796762   3.15092337  0.9585616 ]
 [-1.64877217  2.08666326 -2.08711886 -0.50482077  1.20709707  2.60329254]
 [ 4.68601352 -3.55495109 -1.76674684  1.08560296  0.59126169 -2.76712299]
 [-4.3798897  -1.7838643   2.09349511 -1.75510482  2.9786632   0.17488843]
 [-3.79402709  2.55304089 -0.49976174 -1.21451112 -3.24893262  3.11791652]
 [-3.22653452 -1.27202941  1.58757618  0.79712484 -1.60330357 -2.82930157]
 [ 2.84621401  0.82113575  1.75648619 -1.25454172 -0.28096927 -3.80265415]
 [ 0.84535886 -1.86798481 -1.24182324  0.51161424 -3.22706601  2.26444853]
 [-0.12724777 -3.75677928  3.63237256 -0.36074487  0.89325457 -3.52259798]
 [-0.7555043   0.69308906  3.42981724  2.09432742 -3.20076639 -0.10991563]
 [-3.24955476  3.88370175 -0.76231256  0.82331089  2.03587491 -0.63296562]
 [-0.30005078  3.39128303 -1.73710187  1.7889808  -0.02097795 -2.99865774]
 [ 0.43557528  2.56640723 -4.25930684  2.11095219 -1.27896127 -0.5326944 ]
 [ 1.75067286  0.6176051   3.69973822 -3.22832643 -1.42256981 -3.48886823]
 [-0.54581432  0.69841687  4.29254952 -2.4912809  -1.63374025 -0.22001395]
 [ 2.03449462  3.33110194  2.66056242 -0.79177004 -4.62343914 -2.08477657]
 [-0.11840436  1.44837994  4.72504929  1.8549921  -0.90047296 -3.35762557]
 [ 1.03852518 -1.64923743  0.34893793 -2.97184612 -2.0929367   0.13188238]
 [-4.17016068  1.58961732 -1.60317407 -1.56311082  0.77225226  3.88292298]
 [ 0.25626744 -0.05059684  2.75919515  2.5507192   2.20069543 -1.75383334]
 [-3.14295265  0.42357333  3.49327093  0.10310834 -2.57561498  1.24471282]
 [ 2.13917642 -3.88997062  2.39777845 -1.59483118 -3.20406603  0.80237732]
 [ 2.13705237 -3.46639711  0.0072494  -4.5122562  -0.15061784  2.41914933]
 [ 3.37375297 -2.26438769  0.42470105  3.36344523 -0.28257274  1.21325386]
 [ 0.79009874 -3.6673959  -1.25771512  3.83473352 -1.16204685  1.97030085]
 [ 1.06014034 -4.50498939 -1.64078123 -1.16758318  2.93539653  0.94795588]
 [-0.24000426 -2.0075302   4.52636577  2.15275764  2.24702429 -1.08473164]
 [ 2.94134575 -0.83371993  2.38911842 -0.73266925 -2.74393995 -2.93133041]
 [-0.29804985 -3.40703711  0.74618876  1.80738745  0.43473552  2.87375952]
 [-0.96047358 -1.57867963  2.08075806  2.412472    1.75201193 -3.61460737]
 [ 3.11903289 -3.15787813 -3.63262884 -0.12578382  2.13902039 -0.66292714]
 [ 0.14722406  0.07620217  1.13215148 -1.82281113 -1.44063347  2.88217717]
 [-2.38512249 -1.36054136  3.314373    0.45234895  3.15196456 -2.86652852]
 [-1.18182826 -1.22077983  4.16023711  1.89147497  1.36458587 -4.69523442]
 [ 0.43865734 -0.21144592 -4.00446178 -2.39032578 -0.23915894  2.27869341]
 [-4.16999287  0.16924804 -1.65259228  3.40874257 -2.87652694 -1.15351142]
 [-0.86607811  4.51380016  4.57090588  2.38190457 -2.77163671  1.07397904]
 [ 0.12597636 -1.85411536 -1.34046875  2.91176788  1.1915376   0.23275077]
 [ 1.99611894 -4.29561834  4.62837767 -1.13857518  2.43880655 -1.564405  ]
 [-3.69274687  3.68796848 -2.46495094  1.47419576 -0.9421973  -0.39742319]
 [-1.48960364  2.15652609  2.69912874  0.91586656 -2.40481977  1.31720146]
 [ 4.78482015 -0.49588717  2.34640432 -3.01208053  0.46750428 -3.47304677]
 [ 0.00746023 -2.21216186 -0.91818383 -3.64361284  1.55898872  2.66379546]
 [ 4.17821805 -0.95625561 -3.40239441 -1.45584082 -1.91461178  2.54428464]
 [ 1.50606546  1.54059268  0.53828816 -2.51840133 -0.93392418 -4.52590746]
 [-1.59352314 -1.82208978  0.0893801   2.16955488 -3.03554483  3.4393257 ]
 [-0.93396499  2.36203731  2.74604882  0.8042913  -3.8129145   0.5581127 ]
 [-1.80413711  3.24192632  3.9317968  -1.4940516   1.31988007  1.69498881]
 [ 1.34178425 -1.59182779 -1.10236986  2.57854637  4.18883165  3.72265914]
 [-2.69302762 -4.44730308  1.75364128  0.26586856 -0.73923891  3.1507096 ]
 [ 3.36227687 -1.00722809 -2.82791998  0.86183594 -2.52828803  3.97409527]
 [-0.435007   -1.07457153 -3.50500651  1.00618381  2.25065052  3.7419429 ]
 [-1.02166988  0.10545301 -2.70176892 -2.62057141  3.14449575  1.19259794]
 [-0.53605786  1.40648271  0.79614329  0.03186097  4.27865709 -3.75770007]
 [-3.507359   -1.6334245   0.4008714  -3.75857185  2.5207315   1.90065608]
 [-2.8360019  -3.6598259  -1.02311745  0.05086528  1.97524428  1.56814489]
 [ 3.91605061 -4.48850599  0.18343462 -1.85651376  1.80856581 -1.97856358]
 [-4.3505955  -2.74760241 -0.58562076  4.07714416  0.33108634  1.15815003]
 [-0.61247216  4.01732122 -3.30376087  0.68058345  1.83253382  4.63746822]
 [ 3.47618899  1.67953595 -0.09087712 -3.12381939 -1.11589884  0.13132816]
 [ 0.7909595   4.01708129 -3.29001309  4.102287   -0.8960533  -1.24006718]
 [-3.21907505 -2.28667666  4.44323858 -3.08017715  2.90968703  1.28244936]
 [ 1.49821236 -1.5483264  -1.71482664  3.97421851  0.71658492  0.1424626 ]
 [ 0.11911409 -0.04575675 -1.73870191  1.98790928 -0.24820073  2.84373393]
 [ 3.68773355  1.16495647 -0.75487152  1.42101447 -3.86592085 -0.0478355 ]
 [ 1.32471679  2.83152267  2.51018428 -2.21798386 -0.29227516 -2.42174859]
 [ 1.29531689  2.19270238 -1.25267133  3.25214716 -3.44242756  3.38956778]
 [ 3.68346564  1.06779435 -4.15959131 -2.15947618  1.42593051  4.33714709]
 [ 2.20085762  1.30452661 -0.24577217 -1.02115391 -3.06352683 -3.57216325]
 [-0.40533815 -2.86198677 -4.0102767   4.41817975  4.77853346  1.4276031 ]
 [ 4.55094934 -4.06881027 -1.12817585  0.95306432  3.48194379 -2.56154449]
 [-1.8577472   0.06067024 -1.80931587 -0.57638378  1.90728245  3.68086683]
 [ 0.5490227   0.08351017  2.72577038 -3.6236121  -2.85767011 -1.23913937]
 [-1.47008849 -1.64561187 -0.05144997  2.77009549 -3.48022359  2.87162186]
 [ 1.05398884  3.39982242  1.84744582 -1.30322499 -1.37381589  1.00874658]
 [ 3.71309601  1.61298637 -1.57434205  1.78669261 -1.21957789  0.65365291]
 [ 2.99782868  2.37220399 -3.89292307 -2.64795881 -0.80819611  0.74896128]
 [-2.89336164 -0.33578163  3.17747509  0.9041045  -1.44563282 -4.05068611]
 [-1.90642917  4.46384772  1.37011203 -1.81794548  2.37059488 -1.86223434]
 [-2.4652685   0.10879486  2.16683775 -4.58172541  3.50665902 -2.13784801]
 [ 3.97527006  1.3367161  -0.86429268  3.81887964 -2.03999499 -2.64077461]
 [-4.62836237  0.61509945  1.12714109 -3.3425744   4.07505475  1.75722704]
 [-0.34915538 -2.35460785  3.41079377  1.87447176  1.27114343 -1.01796308]
 [-0.16477766 -1.81680179 -1.52268632  0.8493369   4.83427875  3.93738743]
 [-3.04928899  1.18128806  4.12069357 -0.47980645 -4.03378163  2.22720495]
 [ 4.31703014  3.75159856 -3.5030089   2.44427571  1.41169404 -0.04045603]
 [-1.83484066 -3.54384662  1.26563126 -0.52773353 -1.95912174  3.401041  ]
 [ 1.59662277 -2.66015136  2.47999255  0.95996665  4.37226119 -1.90233722]
 [-2.04787052 -0.98127565  1.67634886  1.05123406 -3.89428934  3.85519464]
 [ 1.31214303 -3.58967287  2.96785991  2.31071128 -2.89478589 -1.27668885]
 [ 4.0604449  -1.99214578 -0.22681393  2.0169479   2.58558204  0.37909507]
 [-1.54273322 -0.55046651  2.26302949 -0.66140899  0.03688298  2.9133781 ]
 [-2.01530765 -3.88861172 -4.43568866 -0.55506186  2.67952605  4.47804275]]| ['3'] 0 |[[ 1.  1.  1. ...  1.  1.  1.]
 [ 1.  1.  1. ... nan nan  1.]
 [nan  1.  1. ...  1.  1.  1.]
 [ 1.  1.  1. ... nan nan nan]]| ['2'] |[[nan nan nan ...  0.  0.  0.]
 [nan nan nan ...  0.  0.  0.]
 [nan nan nan ...  0.  0.  0.]
 [nan nan nan ...  0.  0.  0.]]| 5 1 0.9 |[[       nan        nan        nan ... 0.71208938 0.7118826  0.71166908]
 [       nan        nan        nan ... 0.         0.         0.72287004]
 [       nan        nan        nan ... 0.6950134  0.69516853 0.69528061]
 [       nan        nan        nan ... 0.         0.         0.        ]]| |[nan nan nan nan nan nan nan nan nan nan nan nan nan nan nan nan nan nan
 nan nan nan nan nan nan nan nan nan nan nan nan nan nan nan nan nan nan
 nan nan nan nan nan nan nan nan nan nan nan nan nan nan nan nan nan nan
 nan nan nan nan nan nan nan nan nan nan nan nan nan nan nan nan nan nan
 nan nan nan nan nan nan nan nan nan nan nan nan nan nan nan nan nan nan
 nan nan nan nan nan nan]| |[0 1 2 3 4 5 6 7 8]| |[ 1.55913932e-225  1.43065957e-315  6.57818707e-313  1.55917024e-225
  1.43065969e-315  6.57818707e-313  1.55920115e-225  1.43065980e-315
  6.57818707e-313  1.55923207e-225  1.43065992e-315  6.57818707e-313
  1.55926299e-225  1.43066004e-315  6.57818707e-313  1.55929391e-225
  1.43066016e-315  6.57818707e-313  1.55932482e-225  1.43066028e-315
  6.57818707e-313  1.55935574e-225  1.43066040e-315  6.57818707e-313
  1.55938666e-225  1.43066052e-315  6.57818707e-313  1.55941758e-225
  1.43066063e-315  6.57818707e-313  1.55944849e-225  1.43066075e-315
  6.57818707e-313  1.55947941e-225  1.43066087e-315  6.57818707e-313
  1.55951033e-225  1.50616740e-225  6.57818707e-313  0.00000000e+000
  1.43066644e-315  2.54639506e-313  1.55383181e-225  1.43066123e-315
  3.39519338e-313  1.55259511e-225  1.43066135e-315  4.45619128e-313
  1.55963400e-225  1.43066146e-315  4.45619128e-313  1.55966492e-225
  1.43066158e-315  4.45619128e-313  1.55969583e-225  1.43066170e-315
  4.45619128e-313  1.55972675e-225  1.43066182e-315  4.45619128e-313
  1.55975767e-225  1.43066194e-315  4.45619128e-313  1.55978859e-225
  1.43066206e-315  4.45619128e-313  1.55981950e-225  1.43066218e-315
  4.45619128e-313  1.55985042e-225  1.43066229e-315  4.45619128e-313
  1.55988134e-225  1.43066241e-315  4.45619128e-313  1.55991226e-225
  1.43066253e-315  4.45619128e-313  1.55994317e-225  1.43066265e-315
  4.45619128e-313  1.55997409e-225  1.43066277e-315  4.45619128e-313
  1.55271878e-225  1.43066289e-315 -5.48612407e+303 -1.15435111e-309
 -5.48612928e+303 -9.48002237e+306 -5.48612930e+303 -5.48612928e+303
 -5.48612928e+303 -5.48612928e+303 -3.77162030e+304              nan]| |[[[[nan nan nan]
   [nan nan nan]
   [nan nan nan]
   [nan nan nan]
   [nan nan nan]
   [nan nan nan]]

  [[nan nan nan]
   [nan nan nan]
   [nan nan nan]
   [nan nan nan]
   [nan nan nan]
   [nan nan nan]]

  [[nan nan nan]
   [nan nan nan]
   [nan nan nan]
   [nan nan nan]
   [nan nan nan]
   [nan nan nan]]

  ...

  [[nan nan nan]
   [nan nan nan]
   [nan nan nan]
   [nan nan nan]
   [nan nan nan]
   [nan nan nan]]

  [[nan nan nan]
   [nan nan nan]
   [nan nan nan]
   [nan nan nan]
   [nan nan nan]
   [nan nan nan]]

  [[nan nan nan]
   [nan nan nan]
   [nan nan nan]
   [nan nan nan]
   [nan nan nan]
   [nan nan nan]]]


 [[[nan nan nan]
   [nan nan nan]
   [nan nan nan]
   [nan nan nan]
   [nan nan nan]
   [nan nan nan]]

  [[nan nan nan]
   [nan nan nan]
   [nan nan nan]
   [nan nan nan]
   [nan nan nan]
   [nan nan nan]]

  [[nan nan nan]
   [nan nan nan]
   [nan nan nan]
   [nan nan nan]
   [nan nan nan]
   [nan nan nan]]

  ...

  [[nan nan nan]
   [nan nan nan]
   [nan nan nan]
   [nan nan nan]
   [nan nan nan]
   [nan nan nan]]

  [[nan nan nan]
   [nan nan nan]
   [nan nan nan]
   [nan nan nan]
   [nan nan nan]
   [nan nan nan]]

  [[nan nan nan]
   [nan nan nan]
   [nan nan nan]
   [nan nan nan]
   [nan nan nan]
   [nan nan nan]]]


 [[[nan nan nan]
   [nan nan nan]
   [nan nan nan]
   [nan nan nan]
   [nan nan nan]
   [nan nan nan]]

  [[nan nan nan]
   [nan nan nan]
   [nan nan nan]
   [nan nan nan]
   [nan nan nan]
   [nan nan nan]]

  [[nan nan nan]
   [nan nan nan]
   [nan nan nan]
   [nan nan nan]
   [nan nan nan]
   [nan nan nan]]

  ...

  [[nan nan nan]
   [nan nan nan]
   [nan nan nan]
   [nan nan nan]
   [nan nan nan]
   [nan nan nan]]

  [[nan nan nan]
   [nan nan nan]
   [nan nan nan]
   [nan nan nan]
   [nan nan nan]
   [nan nan nan]]

  [[nan nan nan]
   [nan nan nan]
   [nan nan nan]
   [nan nan nan]
   [nan nan nan]
   [nan nan nan]]]


 [[[nan nan nan]
   [nan nan nan]
   [nan nan nan]
   [nan nan nan]
   [nan nan nan]
   [nan nan nan]]

  [[nan nan nan]
   [nan nan nan]
   [nan nan nan]
   [nan nan nan]
   [nan nan nan]
   [nan nan nan]]

  [[nan nan nan]
   [nan nan nan]
   [nan nan nan]
   [nan nan nan]
   [nan nan nan]
   [nan nan nan]]

  ...

  [[nan nan nan]
   [nan nan nan]
   [nan nan nan]
   [nan nan nan]
   [nan nan nan]
   [nan nan nan]]

  [[nan nan nan]
   [nan nan nan]
   [nan nan nan]
   [nan nan nan]
   [nan nan nan]
   [nan nan nan]]

  [[nan nan nan]
   [nan nan nan]
   [nan nan nan]
   [nan nan nan]
   [nan nan nan]
   [nan nan nan]]]]| ['r'] |[[nan nan nan ...  0.  0.  0.]
 [nan nan nan ...  0.  0.  0.]
 [nan nan nan ...  0.  0.  0.]
 [nan nan nan ...  0.  0.  0.]]| |[[nan nan nan ... nan nan nan]
 [nan nan nan ... nan nan nan]
 [nan nan nan ... nan nan nan]
 [nan nan nan ... nan nan nan]]| 0.5 |[ 4.03179206e-313  1.55814996e-225  1.43065577e-315  4.03179212e-313
  1.55818088e-225  1.43065589e-315  4.03179212e-313  1.55821179e-225
  1.43065601e-315  4.03179212e-313  1.55824271e-225  1.43065613e-315
  4.03179212e-313  1.55827363e-225  1.43065625e-315  4.03179212e-313
  1.55830455e-225  1.43065637e-315  4.03179212e-313  1.55833546e-225
  1.43065648e-315  4.03179212e-313  1.55836638e-225  1.43065660e-315
  4.03179212e-313  1.55839730e-225  1.43065672e-315  4.03179212e-313
  1.55842822e-225  1.43065684e-315  4.03179212e-313  1.55845913e-225
  1.47295168e-225  4.03179212e-313  0.00000000e+000  1.43065720e-315
  4.24399170e-313  1.55247144e-225  1.43066111e-315  3.39519338e-313
  1.55321346e-225  1.43065731e-315  4.24399170e-313  1.55858280e-225
  1.43065743e-315  4.24399170e-313  1.55861372e-225  1.43065755e-315
  4.24399170e-313  1.55864464e-225  1.43065767e-315 -5.48612928e+303
 -5.48612928e+303 -5.48612928e+303 -5.48612928e+303 -5.48612928e+303
 -5.85095130e+307 -5.48635426e+303 -5.75732717e+307 -5.48612928e+303
 -5.48612928e+303 -5.48612928e+303 -5.48612928e+303              nan
 -5.48612928e+303 -9.48002237e+306 -5.48612930e+303 -5.48612928e+303
 -5.48612928e+303  4.45536226e-313  1.55886106e-225  1.43065850e-315
  4.24399170e-313  1.55889198e-225  1.43065862e-315  4.24399170e-313
  1.55892290e-225  1.43065874e-315  4.24399170e-313 -6.47300218e-310
  1.43051374e-315  4.24399170e-313  1.55898473e-225  1.43065909e-315
  4.24399170e-313  1.55210043e-225  1.43065921e-315  6.57818707e-313
  1.55907748e-225  1.50612617e-225  4.24399170e-313  0.00000000e+000
  1.43065933e-315  6.57818707e-313  1.55910840e-225  1.43065945e-315]| |[ 257.32063236 1667.03567904 3372.78452568 5180.78723495           nan]| |[[ 258.33700662  259.36217498  260.38726922 ... 1615.73192442
  1616.75703862 1617.78216735]
 [1668.04680979 1669.08028902 1670.10542061 ... 3312.87765005
  3313.90282297 3314.92793232]
 [3373.80197133 3374.82711375 3375.85228782 ... 5082.66584863
  5083.69094144 5084.71607902]
 [5181.80322034 5182.82839925 5183.85348865 ...           nan
            nan           nan]]| C:/Users/AwhVogelLab/Desktop/Megan/sustAttnWM03/subjects/0503181_sustAttnWM03/data/beh/ |[[[nan nan nan nan nan nan]
  [nan nan nan nan nan nan]
  [nan nan nan nan nan nan]
  ...
  [nan nan nan nan nan nan]
  [nan nan nan nan nan nan]
  [nan nan nan nan nan nan]]

 [[nan nan nan nan nan nan]
  [nan nan nan nan nan nan]
  [nan nan nan nan nan nan]
  ...
  [nan nan nan nan nan nan]
  [nan nan nan nan nan nan]
  [nan nan nan nan nan nan]]

 [[nan nan nan nan nan nan]
  [nan nan nan nan nan nan]
  [nan nan nan nan nan nan]
  ...
  [nan nan nan nan nan nan]
  [nan nan nan nan nan nan]
  [nan nan nan nan nan nan]]

 [[nan nan nan nan nan nan]
  [nan nan nan nan nan nan]
  [nan nan nan nan nan nan]
  ...
  [nan nan nan nan nan nan]
  [nan nan nan nan nan nan]
  [nan nan nan nan nan nan]]]| |[[[nan nan nan nan nan nan]
  [nan nan nan nan nan nan]
  [nan nan nan nan nan nan]
  ...
  [nan nan nan nan nan nan]
  [nan nan nan nan nan nan]
  [nan nan nan nan nan nan]]

 [[nan nan nan nan nan nan]
  [nan nan nan nan nan nan]
  [nan nan nan nan nan nan]
  ...
  [nan nan nan nan nan nan]
  [nan nan nan nan nan nan]
  [nan nan nan nan nan nan]]

 [[nan nan nan nan nan nan]
  [nan nan nan nan nan nan]
  [nan nan nan nan nan nan]
  ...
  [nan nan nan nan nan nan]
  [nan nan nan nan nan nan]
  [nan nan nan nan nan nan]]

 [[nan nan nan nan nan nan]
  [nan nan nan nan nan nan]
  [nan nan nan nan nan nan]
  ...
  [nan nan nan nan nan nan]
  [nan nan nan nan nan nan]
  [nan nan nan nan nan nan]]]| |[[nan nan nan ... nan nan nan]
 [nan nan nan ... nan nan nan]
 [nan nan nan ... nan nan nan]
 [nan nan nan ... nan nan nan]]| |[[ 258.76059891  259.96059503  261.11255887 ... 1616.21267524
  1617.22864182 1618.13263055]
 [1668.84357183 1669.51555119 1670.36355257 ...           nan
            nan 3314.93765983]
 [          nan 3375.48841309 3376.08037255 ... 5083.34923985
  5084.35724737 5085.21323147]
 [5182.50718901 5183.22718554 5184.15518201 ...           nan
            nan           nan]]| |[[       nan        nan        nan ... 0.15919097 0.15909434 0.15900459]
 [       nan        nan        nan ... 0.         0.         0.12966317]
 [       nan        nan        nan ... 0.13840237 0.13838732 0.13835258]
 [       nan        nan        nan ... 0.         0.         0.        ]]| |[[ 1.  1.  1. ...  1.  1.  1.]
 [ 1.  1.  1. ... nan nan  1.]
 [nan  1.  1. ...  1.  1.  1.]
 [ 1.  1.  1. ... nan nan nan]]| |[0 0 0 0 0 0 0 0 0 0 0 0 0 0 0 0 0 0 0 0 0 0 0 0 0 0 0 0 0 0 0 0 0 0 0 0 0
 0 0 0 0 0 0 0 0 0 0 0 0 0 0 0 0 0 0 0 0 0 0 0 0 0 0 0 0 0 0 0 0 0 0 0 0 0
 0 0 0 0 0 0 0 0 0 0 0 0 0 0 0 0 0 0 0 0 0 0]| |[[       nan        nan        nan ... 0.50856146 0.49409517 0.4342724 ]
 [       nan        nan        nan ... 0.         0.         0.00972751]
 [       nan        nan        nan ... 0.50055879 0.61941364 0.61561653]
 [       nan        nan        nan ... 0.         0.         0.        ]]| |[800 800 800 347   0]| False |[8 6 3 1 8 0 8 0 2 5 6 0 4 8 0 4 8 1 5 5 0 2 8 5 0 2 3 3 8 6 0 7 2 5 5 4 1
 6 2 5 8 2 0 8 2 1 1 0 3 7 8 5 0 6 1 5 4 1 0 6 4 2 1 2 7 4 6 8 5 5 4 7 8 2
 5 7 0 1 5 3 5 6 2 7 2 6 1 5 4 6 6 3 6 3 8 7]| |[[nan nan nan ... nan nan nan]
 [nan nan nan ... nan nan nan]
 [nan nan nan ... nan nan nan]
 [nan nan nan ... nan nan nan]]| ['escape'] ['slash'] 18 6 4 4 |[[3. 2. 1. 1. 2. 3.]
 [0. 1. 2. 2. 1. 0.]
 [0. 3. 2. 3. 1. 2.]
 [1. 2. 0. 1. 0. 3.]
 [1. 3. 2. 2. 0. 0.]
 [3. 1. 2. 0. 0. 2.]
 [1. 2. 0. 1. 3. 3.]
 [1. 0. 1. 2. 2. 3.]
 [2. 2. 0. 3. 1. 1.]
 [0. 0. 3. 2. 1. 2.]
 [3. 2. 1. 0. 1. 3.]
 [1. 2. 3. 2. 3. 1.]
 [2. 0. 3. 0. 1. 1.]
 [1. 0. 2. 3. 0. 1.]
 [2. 3. 1. 0. 1. 2.]
 [3. 3. 1. 0. 2. 2.]
 [0. 3. 3. 2. 1. 2.]
 [1. 0. 0. 2. 1. 2.]
 [0. 0. 3. 2. 1. 2.]
 [2. 0. 0. 3. 1. 1.]
 [3. 2. 0. 2. 1. 0.]
 [2. 3. 2. 1. 0. 0.]
 [0. 2. 0. 3. 3. 2.]
 [2. 0. 3. 0. 1. 3.]
 [3. 2. 0. 1. 1. 3.]
 [3. 1. 3. 2. 1. 0.]
 [0. 1. 0. 3. 1. 3.]
 [3. 1. 2. 0. 1. 0.]
 [3. 1. 1. 2. 0. 3.]
 [1. 2. 3. 3. 0. 1.]
 [3. 2. 3. 1. 2. 1.]
 [1. 1. 3. 0. 0. 3.]
 [2. 1. 0. 3. 3. 2.]
 [3. 2. 1. 2. 0. 1.]
 [0. 3. 0. 2. 1. 3.]
 [1. 2. 0. 0. 3. 2.]
 [1. 2. 0. 3. 0. 1.]
 [3. 2. 2. 1. 1. 0.]
 [2. 3. 2. 0. 1. 1.]
 [2. 3. 0. 0. 1. 3.]
 [3. 2. 1. 3. 0. 0.]
 [3. 1. 3. 2. 0. 2.]
 [1. 0. 2. 3. 2. 1.]
 [2. 0. 3. 3. 1. 0.]
 [0. 1. 0. 2. 3. 1.]
 [3. 2. 1. 1. 0. 3.]
 [0. 2. 2. 1. 1. 3.]
 [3. 0. 3. 2. 1. 1.]
 [1. 1. 3. 0. 2. 3.]
 [2. 3. 0. 3. 2. 0.]
 [1. 0. 3. 1. 0. 3.]
 [0. 1. 2. 3. 3. 0.]
 [1. 2. 0. 3. 1. 3.]
 [0. 1. 2. 0. 1. 3.]
 [2. 1. 1. 3. 3. 0.]
 [2. 0. 2. 1. 0. 3.]
 [2. 3. 3. 0. 0. 2.]
 [1. 2. 3. 2. 3. 0.]
 [2. 1. 2. 0. 0. 3.]
 [0. 1. 3. 2. 0. 2.]
 [1. 2. 2. 0. 0. 3.]
 [2. 0. 1. 0. 3. 3.]
 [0. 0. 1. 2. 1. 3.]
 [3. 0. 2. 3. 1. 2.]
 [1. 2. 0. 2. 3. 0.]
 [0. 1. 2. 3. 3. 0.]
 [0. 2. 2. 0. 1. 3.]
 [0. 0. 1. 3. 1. 2.]
 [0. 0. 3. 1. 2. 1.]
 [3. 0. 2. 0. 1. 3.]
 [3. 0. 1. 1. 3. 0.]
 [3. 0. 1. 2. 2. 1.]
 [1. 2. 1. 3. 0. 3.]
 [0. 2. 1. 3. 3. 1.]
 [1. 3. 2. 1. 0. 0.]
 [3. 0. 0. 2. 1. 2.]
 [1. 2. 1. 0. 2. 3.]
 [3. 0. 3. 1. 2. 0.]
 [0. 3. 2. 3. 1. 0.]
 [3. 0. 1. 2. 1. 3.]
 [2. 2. 0. 3. 1. 1.]
 [2. 0. 0. 1. 3. 1.]
 [2. 3. 0. 2. 3. 1.]
 [0. 3. 2. 3. 1. 2.]
 [1. 3. 0. 2. 0. 3.]
 [1. 2. 0. 3. 0. 2.]
 [2. 2. 1. 0. 3. 0.]
 [2. 0. 3. 2. 1. 0.]
 [3. 0. 1. 3. 0. 2.]
 [1. 1. 0. 2. 2. 3.]
 [0. 1. 3. 0. 3. 2.]
 [2. 1. 3. 0. 2. 0.]
 [0. 2. 3. 0. 1. 1.]
 [0. 2. 1. 0. 3. 3.]
 [2. 1. 0. 2. 3. 3.]
 [2. 1. 2. 1. 3. 0.]]| |[0 1 2 3 4 5 6 7 8]| |[2.18570146 2.29333107 2.23373521 2.06669698 2.22732077 2.51646109
 2.12114534 2.03485959 2.07002935 2.59491601 2.00497849 3.08311422
 2.20693028 2.67380827 2.27095369 2.03222758 2.06332248 2.12403437
 2.13515471 2.45736389 2.24194594 3.04390997 2.72074034 2.71996061
 2.70777445 2.32347223 2.43231872 2.53262385 2.14738628 2.65211786
 2.20275421 2.11123112 2.12757877 2.29663175 2.07770716 2.21874133
 2.58878284 2.37939626 2.47306414 2.24628421 2.10852362 2.63982151
 2.12402057 2.47922192 2.46538553 2.69160555 2.07890535 2.18904321
 2.29094263 2.30378249 2.04550541 2.39262204 2.1617209  2.04564781
 2.36115067 2.21770603 2.14391712 2.15441542 2.04934016 2.12885441
 2.1564343  2.92052955 2.24374597 2.18748127 2.15647653 2.51412159
 2.37575544 2.11702796 2.36195887 2.21070956 2.13036871 3.05363563
 2.87785914 2.38377066 2.14332612 2.34204156 2.15431282 2.51166884
 2.0155239  3.04046063 2.05906295 2.13766977 2.30033476 2.20178959
 2.55392788 2.39994862 2.52326438 2.69411524 2.41431345 2.02545919
 2.15500326 2.07639421 2.16552908 2.04356882 2.00754179 2.31784094]| |[[nan nan nan ... nan nan nan]
 [nan nan nan ... nan nan nan]
 [nan nan nan ... nan nan nan]
 [nan nan nan ... nan nan nan]]| |[['d', 'd', 'd', 'd', 'd', 'd', 'd', 'd', 'd', 'd', 'd', 'd', 's', 'd', 'd', 'd', 'd', 'd', ' ', ' ', ' ', 'd', 'd', 'd', 'd', 's', 'd', 'd', ' ', 'd', 'd', ' ', 'd', ' ', ' ', 'd', 'd', 'd', 'd', 'd', 's', 'd', ' ', 'd', ' ', ' ', ' ', 'd', ' ', 'd', 's', 'd', 'd', 'd', 'd', 'd', 'd', 'd', 'd', 'd', 'd', 'd', 'd', 'd', 'd', 'd', 'd', 'd', 'd', ' ', 'd', 's', ' ', ' ', ' ', ' ', ' ', ' ', 'd', 'd', 'd', 'd', 'd', 'd', 'd', 'd', 'd', 'd', 'd', 'd', 'd', 'd', 'd', ' ', ' ', ' ', ' ', 'd', ' ', ' ', ' ', ' ', 'd', ' ', 'd', 'd', 's', 'd', ' ', 'd', 'd', 'd', 's', 'd', 'd', 'd', 'd', 'd', 'd', ' ', 'd', 'd', ' ', ' ', 'd', ' ', ' ', ' ', ' ', 'd', 'd', 'd', 'd', ' ', 's', 'd', ' ', ' ', 'd', 'd', 'd', 'd', ' ', ' ', ' ', ' ', ' ', ' ', 'd', 'd', ' ', 'd', 'd', ' ', 'd', ' ', ' ', 'd', ' ', ' ', 'd', 'd', 'd', 'd', 'd', 'd', 'd', 'd', 's', 'd', 'd', 'd', 'd', 'd', 'd', 'd', 'd', 'd', 'd', 'd', ' ', 'd', 'd', 's', ' ', ' ', ' ', 's', 'd', 'd', 'd', 's', 'd', 'd', 'd', 'd', 'd', 'd', 'd', 'd', 'd', 'd', 'd', 'd', 'd', 's', 'd', 'd', ' ', 'd', 'd', 'd', 'd', ' ', ' ', ' ', ' ', ' ', ' ', 'd', ' ', 'd', 'd', ' ', ' ', 'd', 'd', ' ', 'd', 'd', 'd', 'd', 'd', ' ', ' ', 'd', ' ', 'd', 'd', 'd', 'd', 'd', 'd', 'd', 'd', 'd', 'd', ' ', 'd', ' ', 'd', 'd', 'd', ' ', 'd', 'd', 'd', 'd', 's', 'd', 'd', 'd', 'd', 'd', 'd', 'd', ' ', ' ', 'd', 'd', ' ', ' ', 'd', 'd', 's', 'd', 'd', 'd', 'd', 's', 'd', 'd', 'd', 'd', 'd', 'd', 'd', ' ', 'd', 'd', ' ', ' ', 'd', 'd', 'd', 's', ' ', 'd', 's', ' ', 'd', 'd', 'd', ' ', 'd', ' ', 'd', 'd', ' ', 'd', 'd', 'd', 'd', 's', 'd', ' ', ' ', 'd', 'd', 'd', 'd', 'd', 'd', 'd', 'd', 'd', 'd', ' ', 'd', 'd', 'd', ' ', ' ', 'd', ' ', ' ', 'd', 'd', 'd', 'd', 'd', 'd', 'd', 'd', 'd', 'd', ' ', ' ', 's', 'd', 'd', 'd', 'd', 'd', 's', 'd', 'd', 'd', 'd', 's', 'd', ' ', 'd', 'd', 'd', 's', 'd', 'd', 'd', ' ', 'd', 'd', 'd', 'd', 'd', 's', 'd', 'd', 'd', 'd', 's', 'd', 'd', 'd', ' ', 'd', 'd', 'd', 'd', 's', 'd', 'd', 'd', 'd', 'd', 'd', 'd', 'd', 'd', 'd', 'd', 'd', 'd', 'd', 'd', 'd', 's', 'd', 'd', 'd', 'd', 'd', 'd', 'd', ' ', 'd', 'd', 'd', 'd', 's', 'd', 'd', 'd', 'd', 'd', 'd', ' ', ' ', 'd', 's', 'd', ' ', 'd', 'd', ' ', 'd', 'd', 'd', 'd', 'd', 'd', 'd', 'd', 'd', ' ', 'd', 'd', 'd', 'd', 'd', 's', 'd', 'd', 'd', 'd', 'd', 'd', 'd', 'd', 'd', 'd', 'd', 'd', 'd', 'd', ' ', 'd', 'd', 'd', 'd', 'd', 'd', 'd', 's', 'd', 'd', 'd', ' ', 'd', 'd', 's', 'd', 'd', 'd', 'd', 'd', 'd', 'd', 'd', 'd', 'd', 'd', 'd', 'd', 's', 'd', 'd', 'd', 's', 'd', 'd', 'd', 'd', 'd', 'd', 'd', 's', 'd', 'd', 'd', 'd', ' ', 's', 'd', 's', 'd', 'd', 'd', ' ', ' ', 'd', 'd', 'd', 'd', 'd', 'd', 's', 'd', 'd', 'd', 's', 'd', 'd', 's', 'd', 'd', ' ', ' ', 'd', 'd', 'd', 'd', 'd', 'd', 'd', 'd', 'd', 'd', 'd', 'd', 'd', 'd', 'd', 'd', ' ', ' ', 'd', 'd', 'd', 'd', 'd', 'd', 'd', 'd', 'd', 'd', 's', 'd', 'd', 'd', 'd', 'd', 'd', 'd', 'd', 's', 'd', 'd', 'd', 'd', 'd', 's', 'd', 'd', 'd', 'd', 'd', 'd', 'd', 'd', 'd', 'd', 'd', 'd', 'd', 'd', ' ', ' ', ' ', ' ', 'd', 'd', 'd', 'd', 'd', 'd', 'd', ' ', ' ', ' ', 's', 'd', 'd', 'd', 'd', 'd', 'd', 'd', 'd', ' ', 'd', 'd', 'd', ' ', ' ', ' ', ' ', 'd', 'd', 'd', 'd', 'd', 'd', 'd', 'd', ' ', 'd', ' ', 'd', ' ', ' ', ' ', ' ', 'd', 'd', 'd', 'd', 'd', 'd', 'd', 'd', 's', 'd', 'd', ' ', ' ', 'd', 'd', 'd', 'd', 'd', 'd', 'd', 'd', 'd', 'd', 's', 'd', 'd', 'd', 'd', 'd', 'd', 'd', 'd', 'd', 'd', 's', 'd', 'd', 'd', 'd', 's', 'd', 's', 'd', 'd', 'd', 'd', 'd', 'd', 'd', 'd', 'd', ' ', 'd', 's', 'd', 'd', 'd', 'd', 'd', 'd', 'd', 'd', 'd', 'd', 'd', 's', 'd', 'd', 'd', 'd', 'd', 'd', 'd', 'd', 'd', 'd', 'd', 'd', 'd', 'd', 'd', 'd', 'd', 'd', 's', 'd', 'd', 'd', 'd', 'd', 's', 'd', 'd', 'd', 'd', 'd', 's', ' ', ' ', 'd', ' ', ' ', 'd', 'd', 'd', 'd', 's', 'd', 'd', 'd', 'd', 'd', 'd', 'd', 'd', 'd', 'd', 'd', 'd', 'd', 'd', 'd', 'd', 'd', 'd', 's', 'd', 'd', 'd', 's', 'd', ' ', ' ', 'd', 'd', 'd', 'd', 'd', 'd', 'd', 's', 'd', ' ', ' ', 'd', 'd', 'd', 'd', ' ', 'd', ' ', ' ', 'd', 'd', 'd', 'd', 'd'], ['d', 'd', 'd', 'd', 'd', 'd', 'd', ' ', ' ', 'd', 's', 'd', 'd', 'd', 'd', 'd', ' ', 'd', 'd', 's', 'd', ' ', 'd', 'd', 'd', 'd', 'd', 'd', 'd', 'd', 'd', 'd', ' ', ' ', ' ', ' ', 'd', 'd', 'd', 'd', ' ', ' ', 'd', 's', 'd', 'd', 'd', 'd', 's', 'd', 'd', ' ', 'd', 'd', 'd', 'd', 'd', 'd', 'd', 'd', 'd', 'd', 'd', ' ', 'd', 's', 'd', 'd', 'd', 's', ' ', ' ', 'd', 's', 'd', 'd', 'd', ' ', 'd', 'd', 'd', ' ', ' ', 'd', 'd', ' ', ' ', ' ', ' ', 'd', 's', 'd', 'd', 'd', 'd', 'd', 'd', 'd', 'd', 'd', 'd', 'd', 'd', 'd', 's', 'd', 's', 'd', 'd', 'd', ' ', 'd', 'd', ' ', 'd', 'd', 'd', 'd', 's', 'd', 'd', 'd', 'd', 'd', 'd', 'd', ' ', ' ', ' ', ' ', 'd', 'd', 'd', 'd', 'd', 'd', 'd', ' ', ' ', 'd', 'd', ' ', 'd', 'd', 'd', 'd', 'd', ' ', 's', 'd', ' ', 'd', 'd', 's', 'd', 'd', ' ', ' ', 'd', 'd', 'd', 'd', 'd', 'd', 'd', 'd', 's', 'd', 'd', 'd', 'd', 'd', 'd', 'd', 'd', 'd', 'd', 'd', 'd', 'd', 'd', 's', 'd', 'd', 'd', 's', 'd', 'd', 'd', 'd', 'd', 'd', 'd', 'd', 'd', 'd', 'd', 's', 'd', 'd', 'd', 'd', 'd', 'd', 'd', 'd', ' ', 'd', 'd', 'd', 'd', 'd', 's', 'd', 'd', 'd', 's', 'd', 'd', 'd', 's', 'd', 's', 's', 'd', 'd', 'd', 'd', 'd', 'd', 'd', ' ', ' ', 'd', 'd', 'd', 'd', 'd', 'd', 'd', 'd', 'd', 'd', 's', 'd', 'd', 'd', 'd', 'd', 'd', 'd', 'd', 'd', 'd', 'd', 's', 'd', 'd', 'd', 'd', ' ', ' ', 'd', 'd', 'd', 's', 'd', 's', 'd', 'd', 'd', 'd', 'd', 'd', ' ', 'd', 's', 'd', 'd', 'd', 'd', 'd', 'd', 'd', 'd', 'd', 'd', 'd', 'd', 'd', 's', 'd', 'd', 'd', 'd', 'd', 'd', 'd', 'd', 'd', 'd', 'd', 'd', 'd', 'd', 'd', ' ', 'd', 'd', 's', 'd', 'd', 'd', 'd', 'd', 'd', 'd', 'd', 'd', 'd', 's', 'd', 'd', 'd', ' ', 'd', 'd', ' ', ' ', ' ', ' ', ' ', 'd', 'd', 'd', 'd', 'd', 'd', 'd', 'd', 's', ' ', 'd', 'd', 's', 'd', ' ', 'd', ' ', ' ', ' ', ' ', 'd', ' ', 'd', 'd', 'd', 'd', ' ', 'd', 'd', 'd', 'd', 'd', ' ', ' ', ' ', 'd', ' ', ' ', ' ', ' ', 'd', 'd', ' ', ' ', 'd', ' ', 'd', 'd', 'd', 'd', 'd', 'd', 'd', 'd', 'd', 'd', 'd', 'd', 'd', 'd', 'd', ' ', 'd', 's', 'd', 'd', 'd', 'd', 'd', 'd', 'd', 'd', 'd', 'd', 'd', 'd', 's', 'd', 'd', 'd', 'd', 'd', 's', 'd', 'd', 'd', 'd', 'd', 'd', 'd', 's', 'd', 'd', 'd', 'd', 'd', 'd', 'd', 'd', 'd', 'd', 'd', 'd', ' ', 'd', 'd', 'd', 'd', 's', 'd', 'd', 'd', 'd', 'd', 'd', 'd', 'd', 'd', 'd', 'd', 'd', 'd', 'd', 'd', 'd', 'd', 'd', ' ', ' ', 'd', 'd', 's', 'd', 'd', 'd', 'd', ' ', 'd', 'd', 's', 'd', 'd', 's', 'd', 'd', 'd', 'd', 'd', 'd', 'd', 'd', 'd', 'd', ' ', ' ', 'd', ' ', 'd', 'd', ' ', 'd', 'd', 'd', ' ', 's', 'd', 'd', ' ', 'd', 'd', 's', 'd', 'd', 'd', 'd', 'd', 'd', 's', 'd', 'd', 'd', 'd', 'd', ' ', 'd', 'd', 'd', 'd', 'd', 'd', 'd', 'd', 'd', 'd', 's', 'd', 'd', 'd', 'd', 'd', 'd', 'd', 'd', 'd', 'd', 'd', 's', 'd', 'd', 'd', 'd', 's', 'd', 'd', 'd', 'd', ' ', 'd', 's', 'd', 'd', 'd', 'd', 'd', 'd', 'd', 'd', 'd', 'd', ' ', ' ', 'd', 'd', 'd', 'd', 'd', 'd', 'd', 'd', ' ', ' ', ' ', ' ', 'd', 's', 'd', 'd', 's', 'd', 'd', 'd', 'd', 'd', 'd', 'd', 'd', 'd', 'd', 'd', 'd', 'd', 'd', 'd', 'd', 's', 'd', 'd', 'd', 'd', 'd', 'd', 'd', 'd', 's', 'd', 'd', 'd', 'd', 'd', 'd', 'd', 's', 'd', 'd', 'd', 'd', 'd', ' ', ' ', ' ', 'd', 'd', 'd', 'd', 'd', 's', 'd', 'd', 'd', 'd', 'd', 'd', 'd', 'd', 's', 'd', ' ', 'd', 'd', 'd', 'd', 'd', 'd', 'd', 'd', 'd', 'd', 'd', 'd', 'd', 'd', 's', 'd', 'd', 'd', 'd', 's', 'd', 'd', 'd', 'd', 'd', ' ', 'd', ' ', 'd', 'd', 'd', ' ', 'd', 'd', 'd', 'd', 'd', 'd', 'd', 'd', 's', 'd', 'd', ' ', ' ', 'd', ' ', 'd', 'd', 'd', 'd', ' ', 'd', 'd', 'd', 'd', 'd', 'd', 'd', 'd', 'd', 'd', 'd', 'd', 'd', 'd', 'd', 'd', 'd', 's', 'd', 'd', 's', 'd', 'd', ' ', ' ', ' ', ' ', 'd', ' ', 's', 'd', 'd', 'd', 'd', 'd', 'd', 'd', 's', 'd', 's', 'd', 's', 'd', 'd', 'd', 'd', 'd', 'd', 'd', 'd', ' ', ' ', ' ', ' ', ' ', ' ', ' ', ' ', ' ', 'd', 'd', 'd', 'd', 'd', 'd', 's', 'd', 'd', 'd', 'd', ' ', ' ', ' ', 'd', 'd', 'd', 'd', 'd', ' ', 'd', 'd', 'd', 'd', 'd', 'd', ' ', ' ', 'd', 'd', 'd', 's', 'd', 'd', 'd', 'd', 'd', ' ', 'd', ' ', 'd', 'd', 'd', 'd', 'd', 'd', 'd', ' ', ' ', 'd'], [' ', 'd', 'd', 'd', 'd', 'd', 'd', 's', 'd', 'd', 'd', 'd', 'd', 'd', 'd', 'd', 's', ' ', 'd', 'd', 'd', 'd', 'd', 'd', 'd', 'd', ' ', 'd', 'd', 'd', 'd', 'd', 'd', 'd', 'd', 'd', 'd', 'd', 'd', 'd', 'd', 'd', 'd', 'd', 'd', 'd', ' ', 'd', ' ', 's', 'd', 'd', 'd', ' ', 'd', 'd', 'd', 's', 'd', 'd', 'd', 's', 'd', 'd', 'd', 'd', ' ', ' ', ' ', 'd', 'd', 'd', 'd', 's', 'd', 's', 'd', 'd', 'd', 'd', 'd', ' ', 'd', 'd', 'd', 'd', 'd', 'd', 'd', 'd', 'd', 'd', ' ', 'd', 'd', 'd', 'd', 's', 'd', 'd', 'd', 'd', 's', 'd', 'd', 'd', 's', 'd', 'd', 'd', 'd', 'd', 'd', 'd', 'd', 'd', 'd', 'd', 'd', 'd', 'd', 'd', 'd', 's', 'd', 'd', 'd', 's', 'd', 'd', 'd', 'd', 's', 'd', 'd', 'd', 'd', 'd', 'd', 'd', 'd', 'd', 'd', 'd', 'd', 'd', 'd', 'd', 'd', ' ', ' ', 'd', ' ', 'd', 'd', 'd', 'd', 'd', 's', 'd', 'd', 'd', 'd', ' ', 'd', 'd', 'd', 'd', 'd', 'd', ' ', 'd', 'd', 's', 'd', 'd', 'd', 'd', 'd', 'd', 'd', 'd', 'd', ' ', 'd', 'd', 'd', 'd', 'd', 'd', 'd', 'd', 'd', 'd', 'd', 'd', 'd', 'd', 'd', 'd', 'd', 's', 'd', 'd', 'd', 'd', 'd', 'd', 'd', 'd', 'd', 'd', 'd', 'd', 'd', 'd', 's', 'd', 'd', 'd', 'd', 'd', 's', 'd', 'd', 'd', 'd', 'd', 'd', 'd', 'd', 'd', 'd', 'd', 'd', 'd', 'd', 'd', ' ', ' ', 'd', 'd', 'd', 'd', 'd', 'd', ' ', 'd', 'd', 'd', 'd', 'd', 'd', 'd', 'd', 'd', 'd', 'd', 'd', 'd', 'd', 'd', 'd', 'd', 'd', 'd', 'd', ' ', ' ', 'd', 'd', 'd', ' ', 'd', 'd', 'd', 'd', 'd', 'd', 'd', 'd', 'd', 'd', 's', 'd', 'd', 'd', 'd', 'd', 'd', 'd', 'd', 's', 'd', 'd', 'd', 'd', 'd', 'd', 'd', 'd', 'd', 'd', 'd', 'd', 'd', 'd', 'd', 'd', 's', 'd', 'd', 'd', 'd', 'd', 'd', ' ', 'd', 's', 'd', 'd', 'd', 'd', 'd', 'd', ' ', ' ', 'd', ' ', 'd', 'd', 'd', 'd', 'd', 'd', 'd', 'd', 'd', 'd', 'd', 's', 'd', ' ', 'd', 'd', 'd', 'd', 'd', 'd', 'd', 'd', 'd', 'd', 'd', 'd', 'd', 'd', 's', 'd', 'd', 'd', 'd', 'd', 'd', ' ', 'd', 'd', 'd', 'd', 'd', 'd', 'd', 'd', 'd', 'd', 'd', 'd', 'd', 'd', 'd', 'd', 'd', 'd', 'd', 'd', 'd', 'd', ' ', 'd', 'd', 'd', 'd', 's', 'd', 'd', 'd', 'd', 'd', 's', 'd', ' ', 'd', 'd', 'd', 'd', 'd', 'd', 'd', 'd', 'd', 'd', 's', 'd', 'd', 's', 'd', 'd', 'd', 'd', 'd', ' ', 'd', 'd', 'd', 's', 'd', 'd', 'd', 'd', 'd', 'd', 'd', 's', 'd', 'd', 'd', 'd', 'd', 'd', 'd', 'd', 'd', 'd', 'd', ' ', 'd', 'd', 'd', 'd', 'd', 'd', 'd', 'd', 'd', 'd', 'd', 'd', 'd', 'd', 'd', 'd', 'd', 'd', ' ', 'd', 'd', 'd', 'd', 'd', 'd', 'd', 'd', 'd', 'd', 'd', 'd', 'd', 's', 'd', 'd', 'd', 'd', 'd', 'd', 'd', 'd', 'd', 'd', 'd', 'd', 'd', 'd', 'd', ' ', ' ', 's', 's', 'd', 's', 'd', 'd', 'd', 'd', 'd', 'd', 'd', 'd', 's', 'd', 'd', 'd', 'd', 'd', 'd', 'd', 'd', 's', 'd', 'd', 'd', 'd', 'd', 'd', 'd', 'd', 'd', 's', 'd', 'd', 's', 'd', 'd', 'd', 'd', 's', 'd', 'd', 'd', 'd', 'd', 'd', 'd', 'd', 'd', 'd', 'd', ' ', ' ', 'd', 'd', ' ', 'd', 'd', 'd', 'd', 'd', 's', 'd', 'd', ' ', ' ', 'd', 'd', 'd', 'd', 'd', 'd', 'd', 'd', 'd', 'd', 's', 'd', 'd', 'd', 'd', 'd', 'd', ' ', 'd', 's', 'd', 'd', 'd', 'd', 'd', 'd', 'd', 'd', 'd', 'd', 'd', 'd', 'd', 'd', 'd', 'd', 'd', 'd', ' ', 'd', ' ', 'd', ' ', 'd', 'd', 'd', 'd', 'd', 'd', 'd', ' ', ' ', 's', ' ', 'd', 'd', 'd', 'd', 'd', 'd', 'd', 'd', 'd', 'd', 'd', 'd', 'd', 'd', 'd', 's', 'd', 's', 'd', 'd', 'd', 's', 'd', 'd', 'd', 'd', 'd', 'd', 'd', 'd', 'd', 's', 'd', 'd', 'd', 'd', 'd', 'd', 'd', 'd', 's', 'd', 'd', 'd', 'd', 'd', 'd', 'd', 'd', 'd', 'd', 'd', 'd', 's', 'd', 'd', 'd', 'd', 'd', 'd', 'd', 'd', 'd', 'd', ' ', 'd', 'd', 'd', 'd', 'd', 'd', 'd', 's', 'd', 'd', 'd', 'd', 'd', 'd', 's', 'd', 'd', 'd', 'd', 'd', 'd', 'd', 'd', 'd', 'd', 'd', 's', 'd', 'd', 'd', 'd', 'd', 'd', 'd', 'd', 'd', 'd', 'd', 'd', 's', 'd', 'd', 'd', 'd', 'd', 'd', 'd', 's', 'd', 'd', ' ', 'd', ' ', 'd', 's', 'd', 'd', 'd', 'd', 'd', 'd', 'd', 'd', 'd', 'd', 'd', 'd', 'd', 'd', 'd', 'd', 'd', 'd', 'd', 'd', 's', 'd', 'd', 'd', 'd', 'd', 'd', 'd', 's', 'd', 'd', 'd', 'd', 'd', ' ', 'd', 'd', 'd', ' ', 'd', 'd', 'd', 'd', 'd', 'd', 'd', 'd', 'd', 'd', 's', 'd', 'd', 'd', 'd', 'd', 'd', 'd', 'd', 'd', 'd', 'd', 'd', 'd', 'd', 'd'], ['d', 'd', 'd', 'd', 'd', 'd', 'd', 'd', 'd', 'd', 'd', 'd', 'd', 'd', 'd', 'd', 'd', 'd', 'd', 'd', 'd', 'd', 'd', 'd', 'd', 'd', 'd', 'd', 's', 'd', 'd', 'd', 'd', 'd', 'd', 'd', 's', 'd', 'd', 'd', 'd', 'd', 'd', 'd', 'd', 's', 'd', 'd', 'd', 's', 'd', 'd', 'd', 'd', 'd', 'd', 's', 'd', 'd', 'd', 'd', 'd', 'd', 'd', 's', 'd', 'd', 'd', 'd', 'd', 'd', 'd', 'd', 'd', 'd', 'd', 'd', 'd', 'd', 'd', 'd', 'd', 'd', 'd', 'd', 'd', 'd', 's', 'd', 'd', 'd', 'd', 'd', 'd', 'd', 'd', 'd', 'd', 'd', 'd', ' ', ' ', 'd', 'd', 'd', 'd', 'd', 'd', 'd', 's', 'd', 'd', 'd', 'd', 'd', 'd', 'd', 'd', 'd', 'd', 'd', 'd', 'd', 'd', 'd', 'd', 'd', 'd', 'd', 's', 'd', 'd', 'd', 'd', 'd', 's', 'd', 'd', 'd', 'd', 'd', 'd', 'd', 'd', 'd', 'd', 'd', 'd', 'd', 'd', 'd', 's', 'd', 'd', 'd', 'd', 'd', 'd', 'd', 'd', 'd', 'd', 'd', 'd', 'd', 'd', 'd', 's', 'd', 'd', 's', 'd', 'd', 'd', 'd', 'd', 'd', 'd', ' ', 'd', 'd', 'd', 'd', 'd', 'd', 'd', 'd', 'd', 'd', 'd', 'd', 'd', 's', 'd', 'd', 'd', 'd', 'd', 'd', ' ', 'd', 'd', 'd', 's', 'd', 'd', 's', 'd', 'd', 'd', 'd', 'd', 'd', 's', ' ', 'd', 'd', 'd', 'd', 'd', 's', 'd', 'd', 'd', 'd', ' ', 'd', 'd', 'd', 'd', 'd', 'd', 'd', 'd', ' ', 'd', 'd', 'd', 'd', 's', 'd', 'd', 'd', 'd', 'd', 'd', 'd', 'd', 'd', 'd', 'd', 'd', 'd', 'd', 'd', 'd', 'd', 'd', 'd', 'd', 'd', 'd', 'd', 'd', 'd', ' ', ' ', 'd', 'd', 'd', 'd', 'd', 's', 'd', 'd', 'd', 'd', 'd', 'd', 'd', 'd', 's', 'd', 'd', 'd', 'd', 'd', 'd', 'd', 'd', 'd', 'd', 'd', 'd', 'd', 'd', 'd', 'd', 'd', 'd', 'd', 'd', 'd', 'd', 's', 'd', ' ', 'd', 'd', 'd', 'd', 'd', ' ', 'd', 'd', 'd', 'd', 'd', 'd', 'd', 'd', 'd', 'd', ' ', 's', 'd', 'd', 'd', 'd', 'd', 'd', 'd', 'd', 'd', 'd', 'd', 'd', 'd', 'd', 'd', 'd', 'd', 'd', 'd', 'd', 'd', 'd', ' ', ' ', ' ', ' ', ' ', ' ', ' ', ' ', ' ', ' ', ' ', ' ', ' ', ' ', ' ', ' ', ' ', ' ', ' ', ' ', ' ', ' ', ' ', ' ', ' ', ' ', ' ', ' ', ' ', ' ', ' ', ' ', ' ', ' ', ' ', ' ', ' ', ' ', ' ', ' ', ' ', ' ', ' ', ' ', ' ', ' ', ' ', ' ', ' ', ' ', ' ', ' ', ' ', ' ', ' ', ' ', ' ', ' ', ' ', ' ', ' ', ' ', ' ', ' ', ' ', ' ', ' ', ' ', ' ', ' ', ' ', ' ', ' ', ' ', ' ', ' ', ' ', ' ', ' ', ' ', ' ', ' ', ' ', ' ', ' ', ' ', ' ', ' ', ' ', ' ', ' ', ' ', ' ', ' ', ' ', ' ', ' ', ' ', ' ', ' ', ' ', ' ', ' ', ' ', ' ', ' ', ' ', ' ', ' ', ' ', ' ', ' ', ' ', ' ', ' ', ' ', ' ', ' ', ' ', ' ', ' ', ' ', ' ', ' ', ' ', ' ', ' ', ' ', ' ', ' ', ' ', ' ', ' ', ' ', ' ', ' ', ' ', ' ', ' ', ' ', ' ', ' ', ' ', ' ', ' ', ' ', ' ', ' ', ' ', ' ', ' ', ' ', ' ', ' ', ' ', ' ', ' ', ' ', ' ', ' ', ' ', ' ', ' ', ' ', ' ', ' ', ' ', ' ', ' ', ' ', ' ', ' ', ' ', ' ', ' ', ' ', ' ', ' ', ' ', ' ', ' ', ' ', ' ', ' ', ' ', ' ', ' ', ' ', ' ', ' ', ' ', ' ', ' ', ' ', ' ', ' ', ' ', ' ', ' ', ' ', ' ', ' ', ' ', ' ', ' ', ' ', ' ', ' ', ' ', ' ', ' ', ' ', ' ', ' ', ' ', ' ', ' ', ' ', ' ', ' ', ' ', ' ', ' ', ' ', ' ', ' ', ' ', ' ', ' ', ' ', ' ', ' ', ' ', ' ', ' ', ' ', ' ', ' ', ' ', ' ', ' ', ' ', ' ', ' ', ' ', ' ', ' ', ' ', ' ', ' ', ' ', ' ', ' ', ' ', ' ', ' ', ' ', ' ', ' ', ' ', ' ', ' ', ' ', ' ', ' ', ' ', ' ', ' ', ' ', ' ', ' ', ' ', ' ', ' ', ' ', ' ', ' ', ' ', ' ', ' ', ' ', ' ', ' ', ' ', ' ', ' ', ' ', ' ', ' ', ' ', ' ', ' ', ' ', ' ', ' ', ' ', ' ', ' ', ' ', ' ', ' ', ' ', ' ', ' ', ' ', ' ', ' ', ' ', ' ', ' ', ' ', ' ', ' ', ' ', ' ', ' ', ' ', ' ', ' ', ' ', ' ', ' ', ' ', ' ', ' ', ' ', ' ', ' ', ' ', ' ', ' ', ' ', ' ', ' ', ' ', ' ', ' ', ' ', ' ', ' ', ' ', ' ', ' ', ' ', ' ', ' ', ' ', ' ', ' ', ' ', ' ', ' ', ' ', ' ', ' ', ' ', ' ', ' ', ' ', ' ', ' ', ' ', ' ', ' ', ' ', ' ', ' ', ' ', ' ', ' ', ' ', ' ', ' ', ' ', ' ', ' ', ' ', ' ', ' ', ' ', ' ', ' ', ' ', ' ', ' ', ' ', ' ', ' ', ' ', ' ', ' ', ' ', ' ', ' ', ' ', ' ', ' ', ' ', ' ', ' ', ' ', ' ', ' ', ' ', ' ', ' ', ' ', ' ', ' ', ' ', ' ', ' ', ' ', ' ', ' ', ' ', ' ', ' ', ' ', ' ', ' ', ' ', ' ', ' ', ' ', ' ', ' ', ' ', ' ', ' ', ' ', ' ', ' ', ' ', ' ', ' ', ' ', ' ', ' ', ' ', ' ', ' ', ' ', ' ', ' ', ' ', ' ', ' ', ' ', ' ', ' ', ' ', ' ']]| 9 2 |[-5.48612928e+303 -5.48612928e+303 -5.48612928e+303  2.11370674e-314
  4.66839086e-313  1.56019051e-225  1.43066360e-315  4.66839086e-313
  1.56022143e-225  1.43066372e-315  4.66839086e-313  1.56025235e-225
  1.43066384e-315  4.66839086e-313  1.56028327e-225  1.43066395e-315
  4.66839086e-313  1.56031418e-225  1.43066407e-315  4.66839086e-313
  1.56034510e-225  1.43066419e-315  4.66839086e-313  1.56037602e-225
  1.43066443e-315  4.66839086e-313  1.55284245e-225  1.43066455e-315
  6.79038665e-313  1.56046877e-225  1.50622923e-225  4.66839086e-313
  0.00000000e+000  1.43066467e-315  6.79038665e-313  1.56049969e-225
  1.43066478e-315  6.79038665e-313  1.56053061e-225  1.43066490e-315
  6.79038665e-313  1.56056152e-225  1.43066502e-315  6.79038665e-313
  1.56059244e-225  1.43066514e-315  6.79038665e-313  1.56062336e-225
  1.43066526e-315  6.79038665e-313  1.56065428e-225  1.43066538e-315
  6.79038665e-313  1.56068519e-225  1.43066550e-315  6.79038665e-313
  1.56071611e-225  1.43066561e-315  6.79038665e-313  1.56074703e-225
  1.43066573e-315  6.79038665e-313  1.56077795e-225  1.43066585e-315
  6.79038665e-313  1.56080886e-225  1.43066597e-315  6.79038665e-313
  1.56083978e-225  1.43066609e-315  6.79038665e-313  1.56087070e-225
  1.43066621e-315  6.79038665e-313  1.56090162e-225  1.50627046e-225
  6.79038665e-313  0.00000000e+000  0.00000000e+000  1.69759675e-313
  1.55420282e-225  1.43066656e-315  2.54639506e-313  1.56099437e-225
  1.43066668e-315  2.54639506e-313  1.56102529e-225  1.43066680e-315
  2.54639506e-313  1.56105620e-225  1.43066692e-315  2.54639506e-313
  1.56108712e-225  1.43066704e-315  2.54639506e-313 -6.82949748e-310]| |[1 1 1 1 0 0 0 1 1 1 0 0 1 1 1 1 1 0 1 0 1 0 1 0 1 0 0 1 0 0 1 0 1 0 1 0 1
 0 0 0 0 0 1 0 0 1 0 1 0 1 0 0 1 0 1 0 1 1 1 0 1 1 0 0 1 1 1 0 1 1 1 0 0 1
 0 1 1 0 0 1 0 1 1 0 1 0 1 0 0 1 0 0 0 1 0 0]| |[1. 1. 1. 1. 0. 0. 0. 1. 1. 1. 0. 0. 1. 1. 1. 1. 1. 0. 1. 0. 1. 0. 1. 0.
 1. 0. 0. 1. 0. 0. 1. 0. 1. 0. 1. 0. 1. 0. 0. 0. 0. 0. 1. 0. 0. 1. 0. 1.
 0. 1. 0. 0. 1. 0. 1. 0. 1. 1. 1. 0. 1. 1. 0. 0. 1. 1. 1. 0. 1. 1. 1. 0.
 0. 1. 0. 1. 1. 0. 0. 1. 0. 1. 1. 0. 1. 0. 1. 0. 0. 1. 0. 0. 0. 1. 0. 0.]| |[32181902 32195440 32195428 32195416 32195404 32195392 32195380 32195368
 32195356 32195344 32195332 32195320 32195308 32195296 32195284 32195272
 32195260 32195248 32195236 32195224 32195212 32195200 32195188 32195176
 32195164 32195152 32195140 32195128 32195116 32195104 32195092 32195080
 32195068 32195056 32195044 32195032 32195020 32195008 32194996 32194984
 32194972 32194960 32194948 32194936 32194924 32194912 32194900 32194888
 32194876 32194864 32194852 32194840 32194828 32194816 32194804 32194792
 32194780 32194768 32194756 32194744 32194732 32194720 32194708 32194696
 32194684 32194672 32194660 32194648 32194636 32194624 32194612 32194600
 32194588 32194576 32194564 32194552 32194540 32196512 32196500 32196488
 32196476 32196464 32196452 32196440 32196428 32196416 32196404 32196392
 32196380 32196368 32196356 32196344 32196332 32196320 32196308 32196296]| |[  0.  60. 120. 180. 240. 300.]| |[[nan nan nan ... nan nan nan]
 [nan nan nan ... nan nan nan]
 [nan nan nan ... nan nan nan]
 [nan nan nan ... nan nan nan]]| ['p'] |[[ 0.  1.  3.  0.]
 [ 0.  1.  0.  3.]
 [ 0.  1.  0.  2.]
 [ 0.  1.  1.  6.]
 [ 0.  0.  1.  9.]
 [ 0.  0.  3.  6.]
 [ 0.  0.  1.  4.]
 [ 0.  1.  1.  0.]
 [ 0.  1.  2. 10.]
 [ 0.  1.  0.  5.]
 [ 0.  0.  3.  9.]
 [ 0.  0.  1. 11.]
 [ 0.  1.  2.  8.]
 [ 0.  1.  1.  3.]
 [ 0.  1.  2.  2.]
 [ 0.  1.  3. 10.]
 [ 0.  1.  0.  8.]
 [ 0.  0.  1.  2.]
 [ 0.  1.  0.  9.]
 [ 0.  0.  2.  1.]
 [ 0.  1.  3.  1.]
 [ 0.  0.  2.  0.]
 [ 0.  1.  0. 10.]
 [ 0.  0.  2.  2.]
 [ 0.  1.  3.  6.]
 [ 0.  0.  3.  4.]
 [ 0.  0.  0.  5.]
 [ 0.  1.  3.  5.]
 [ 0.  0.  3.  2.]
 [ 0.  0.  1. 10.]
 [ 0.  1.  3.  7.]
 [ 0.  0.  1.  6.]
 [ 0.  1.  2.  0.]
 [ 0.  0.  3.  7.]
 [ 0.  1.  0. 11.]
 [ 0.  0.  1.  8.]
 [ 0.  1.  1.  9.]
 [ 0.  0.  3.  8.]
 [ 0.  0.  2.  6.]
 [ 0.  0.  2.  3.]
 [ 0.  0.  3.  0.]
 [ 0.  0.  3.  5.]
 [ 0.  1.  1. 10.]
 [ 0.  0.  2. 11.]
 [ 0.  0.  0.  2.]
 [ 0.  1.  3.  2.]
 [ 0.  0.  0.  9.]
 [ 0.  1.  3.  3.]
 [ 0.  0.  1.  3.]
 [ 0.  1.  2.  7.]
 [ 0.  0.  1.  5.]
 [ 0.  0.  0.  4.]
 [ 0.  1.  1.  2.]
 [ 0.  0.  0.  7.]
 [ 0.  1.  2.  3.]
 [ 0.  0.  2.  8.]
 [ 0.  1.  2.  1.]
 [ 0.  1.  1.  1.]
 [ 0.  1.  2.  9.]
 [ 0.  0.  0.  6.]
 [ 0.  1.  1.  5.]
 [ 0.  1.  2.  4.]
 [ 0.  0.  0.  3.]
 [ 0.  0.  3.  1.]
 [ 0.  1.  1. 11.]
 [ 0.  1.  0.  4.]
 [ 0.  1.  0.  6.]
 [ 0.  0.  0.  1.]
 [ 0.  1.  0.  7.]
 [ 0.  1.  3. 11.]
 [ 0.  1.  3.  8.]
 [ 0.  0.  3. 11.]
 [ 0.  0.  1.  0.]
 [ 0.  1.  0.  1.]
 [ 0.  0.  1.  1.]
 [ 0.  1.  3.  4.]
 [ 0.  1.  1.  4.]
 [ 0.  0.  3. 10.]
 [ 0.  0.  0.  8.]
 [ 0.  1.  3.  9.]
 [ 0.  0.  2.  9.]
 [ 0.  1.  2.  5.]
 [ 0.  1.  2.  6.]
 [ 0.  0.  0.  0.]
 [ 0.  1.  1.  7.]
 [ 0.  0.  1.  7.]
 [ 0.  1.  2. 11.]
 [ 0.  0.  2.  4.]
 [ 0.  0.  3.  3.]
 [ 0.  1.  1.  8.]
 [ 0.  0.  0. 10.]
 [ 0.  0.  2. 10.]
 [ 0.  0.  0. 11.]
 [ 0.  1.  0.  0.]
 [ 0.  0.  2.  7.]
 [ 0.  0.  2.  5.]]| |[[ 1  0 -1]
 [ 1  1  1]
 [ 1  1 -1]
 [-1  1 -1]
 [ 1 -1 -1]
 [-1 -1 -1]
 [-1 -1 -1]
 [ 1 -1 -1]
 [-1 -1  1]
 [-1  1  1]
 [ 1 -1 -1]
 [ 1  0 -1]
 [ 1 -1  1]
 [ 1  0 -1]
 [ 1 -1 -1]
 [ 1 -1  1]
 [ 1  0 -1]
 [-1  1  1]
 [-1  1  1]
 [-1  1 -1]
 [ 1 -1 -1]
 [ 1  1 -1]
 [ 1  0 -1]
 [-1 -1 -1]
 [ 1 -1 -1]
 [ 1 -1  1]
 [-1 -1  1]
 [ 1  1 -1]
 [-1  1  1]
 [-1  1 -1]
 [ 1 -1 -1]
 [ 1 -1 -1]
 [-1 -1  1]
 [-1  1 -1]
 [-1  1  1]
 [-1 -1  1]
 [-1  1 -1]
 [ 1  1 -1]
 [-1  1  1]
 [-1  1 -1]
 [-1 -1 -1]
 [ 1  1  1]
 [ 1 -1 -1]
 [ 1 -1  1]
 [ 1 -1 -1]
 [-1  1 -1]
 [ 1  0 -1]
 [ 1 -1 -1]
 [ 1  0 -1]
 [-1 -1 -1]
 [ 1  1 -1]
 [ 1 -1 -1]
 [ 1 -1 -1]
 [ 1 -1  1]
 [-1  1 -1]
 [ 1  1 -1]
 [ 1 -1  1]
 [-1  1 -1]
 [ 1 -1 -1]
 [ 1  1 -1]
 [ 1 -1  1]
 [-1 -1  1]
 [ 1  1  1]
 [-1  1 -1]
 [-1 -1 -1]
 [ 1 -1  1]
 [ 1  1  1]
 [ 1 -1  1]
 [-1  1  1]
 [-1  1  1]
 [ 1 -1  1]
 [ 1 -1  1]
 [-1 -1 -1]
 [-1 -1  1]
 [-1 -1 -1]
 [-1 -1 -1]
 [ 1 -1 -1]
 [ 1 -1  1]
 [ 1 -1  1]
 [ 1  1 -1]
 [ 1  1 -1]
 [ 1  1  1]
 [-1 -1  1]
 [-1  1 -1]
 [-1 -1  1]
 [-1 -1 -1]
 [-1  1 -1]
 [-1 -1 -1]
 [ 1  1  1]
 [ 1  1  1]
 [ 1 -1  1]
 [-1  1 -1]
 [ 1  0 -1]
 [ 1  1 -1]
 [ 1  1 -1]
 [-1 -1  1]]| 0.5 80 12 |[nan nan nan nan nan nan nan nan nan nan nan nan nan nan nan nan nan nan
 nan nan nan nan nan nan nan nan nan nan nan nan nan nan nan nan nan nan
 nan nan nan nan nan nan nan nan nan nan nan nan nan nan nan nan nan nan
 nan nan nan nan nan nan nan nan nan nan nan nan nan nan nan nan nan nan
 nan nan nan nan nan nan nan nan nan nan nan nan nan nan nan nan nan nan
 nan nan nan nan nan nan]| 1 |[[0 0 0 ... 0 0 0]
 [0 0 0 ... 0 0 0]
 [0 0 0 ... 0 0 0]
 [0 0 0 ... 0 0 0]]| ['1'] |[[[nan nan nan nan nan nan]
  [nan nan nan nan nan nan]
  [nan nan nan nan nan nan]
  ...
  [nan nan nan nan nan nan]
  [nan nan nan nan nan nan]
  [nan nan nan nan nan nan]]

 [[nan nan nan nan nan nan]
  [nan nan nan nan nan nan]
  [nan nan nan nan nan nan]
  ...
  [nan nan nan nan nan nan]
  [nan nan nan nan nan nan]
  [nan nan nan nan nan nan]]

 [[nan nan nan nan nan nan]
  [nan nan nan nan nan nan]
  [nan nan nan nan nan nan]
  ...
  [nan nan nan nan nan nan]
  [nan nan nan nan nan nan]
  [nan nan nan nan nan nan]]

 [[nan nan nan nan nan nan]
  [nan nan nan nan nan nan]
  [nan nan nan nan nan nan]
  ...
  [nan nan nan nan nan nan]
  [nan nan nan nan nan nan]
  [nan nan nan nan nan nan]]]| |[[8. 5. 1. 7. 0. 2.]
 [6. 5. 2. 0. 3. 8.]
 [3. 8. 7. 5. 2. 6.]
 [1. 7. 5. 8. 3. 0.]
 [0. 6. 2. 1. 5. 3.]
 [7. 6. 1. 0. 3. 5.]
 [7. 8. 2. 3. 4. 1.]
 [0. 5. 1. 7. 4. 2.]
 [2. 4. 0. 1. 6. 7.]
 [5. 8. 0. 6. 3. 2.]
 [0. 8. 2. 5. 6. 3.]
 [8. 3. 4. 2. 0. 5.]
 [4. 8. 7. 6. 5. 1.]
 [8. 5. 0. 6. 7. 1.]
 [0. 1. 7. 2. 4. 8.]
 [4. 7. 5. 3. 2. 8.]
 [8. 5. 6. 7. 2. 0.]
 [5. 1. 3. 6. 4. 8.]
 [5. 8. 2. 7. 1. 0.]
 [1. 3. 6. 4. 5. 8.]
 [0. 2. 8. 1. 3. 6.]
 [3. 0. 6. 4. 5. 1.]
 [8. 0. 6. 5. 3. 1.]
 [7. 5. 4. 0. 8. 1.]
 [0. 4. 7. 8. 6. 1.]
 [4. 5. 2. 0. 1. 3.]
 [2. 4. 6. 3. 5. 7.]
 [3. 4. 8. 6. 5. 0.]
 [5. 4. 3. 8. 0. 6.]
 [1. 2. 4. 7. 6. 8.]
 [0. 6. 2. 8. 4. 5.]
 [0. 6. 1. 2. 8. 3.]
 [2. 5. 1. 0. 6. 8.]
 [1. 8. 7. 4. 5. 2.]
 [5. 6. 0. 3. 2. 8.]
 [2. 4. 8. 7. 6. 5.]
 [1. 6. 0. 5. 2. 8.]
 [3. 6. 7. 1. 2. 5.]
 [5. 2. 6. 4. 7. 3.]
 [1. 3. 8. 0. 5. 7.]
 [7. 4. 8. 1. 5. 0.]
 [6. 3. 4. 0. 7. 1.]
 [0. 8. 3. 2. 6. 1.]
 [4. 5. 2. 7. 8. 6.]
 [0. 8. 1. 7. 5. 3.]
 [1. 8. 0. 6. 3. 7.]
 [8. 5. 3. 0. 2. 4.]
 [0. 1. 3. 2. 6. 7.]
 [8. 1. 5. 0. 3. 2.]
 [7. 8. 4. 1. 5. 2.]
 [3. 2. 8. 5. 4. 7.]
 [0. 2. 6. 7. 5. 4.]
 [0. 2. 1. 7. 8. 5.]
 [4. 8. 2. 1. 3. 5.]
 [1. 0. 8. 5. 6. 2.]
 [3. 0. 8. 5. 4. 2.]
 [4. 5. 2. 3. 6. 7.]
 [1. 0. 5. 7. 4. 6.]
 [0. 3. 7. 5. 4. 6.]
 [3. 5. 6. 4. 7. 8.]
 [4. 3. 7. 8. 1. 5.]
 [2. 0. 6. 4. 3. 7.]
 [6. 0. 2. 8. 7. 1.]
 [1. 5. 2. 3. 4. 0.]
 [7. 3. 8. 4. 6. 1.]
 [4. 8. 5. 3. 6. 0.]
 [6. 7. 3. 4. 5. 2.]
 [4. 1. 3. 7. 2. 8.]
 [5. 6. 3. 7. 0. 1.]
 [5. 6. 0. 1. 7. 2.]
 [4. 0. 5. 1. 7. 8.]
 [4. 2. 5. 8. 6. 1.]
 [7. 8. 0. 4. 2. 1.]
 [2. 7. 5. 0. 6. 4.]
 [7. 5. 0. 8. 4. 2.]
 [7. 5. 3. 2. 1. 0.]
 [0. 4. 1. 5. 3. 6.]
 [4. 6. 2. 7. 1. 3.]
 [4. 8. 6. 5. 0. 7.]
 [3. 0. 8. 1. 5. 6.]
 [3. 0. 2. 4. 1. 6.]
 [6. 0. 1. 5. 7. 8.]
 [2. 3. 7. 1. 8. 4.]
 [1. 2. 4. 5. 0. 8.]
 [2. 0. 1. 5. 6. 7.]
 [7. 2. 1. 0. 5. 8.]
 [1. 5. 2. 8. 6. 4.]
 [7. 5. 0. 3. 2. 6.]
 [6. 0. 8. 3. 5. 7.]
 [6. 7. 2. 5. 0. 3.]
 [4. 1. 6. 0. 8. 7.]
 [1. 6. 3. 8. 0. 4.]
 [8. 4. 6. 7. 3. 1.]
 [3. 6. 4. 8. 0. 2.]
 [3. 1. 6. 2. 5. 0.]
 [2. 6. 4. 1. 0. 8.]]| 1525371431 |[1, 1, 2, 2, 3, 3, 4, 4]| 4 0.8 |[[[nan nan nan nan nan nan]
  [nan nan nan nan nan nan]
  [nan nan nan nan nan nan]
  ...
  [nan nan nan nan nan nan]
  [nan nan nan nan nan nan]
  [nan nan nan nan nan nan]]

 [[nan nan nan nan nan nan]
  [nan nan nan nan nan nan]
  [nan nan nan nan nan nan]
  ...
  [nan nan nan nan nan nan]
  [nan nan nan nan nan nan]
  [nan nan nan nan nan nan]]

 [[nan nan nan nan nan nan]
  [nan nan nan nan nan nan]
  [nan nan nan nan nan nan]
  ...
  [nan nan nan nan nan nan]
  [nan nan nan nan nan nan]
  [nan nan nan nan nan nan]]

 [[nan nan nan nan nan nan]
  [nan nan nan nan nan nan]
  [nan nan nan nan nan nan]
  ...
  [nan nan nan nan nan nan]
  [nan nan nan nan nan nan]
  [nan nan nan nan nan nan]]]| |[1, 0]| ['s'] 9 ['d'] 80 2 ['z'] |[[[3 8 6 4 0 5]
  [3 5 7 6 4 2]
  [4 8 0 5 3 7]
  ...
  [8 5 3 6 4 2]
  [4 2 5 1 7 6]
  [3 7 6 0 1 2]]

 [[0 6 5 8 2 7]
  [7 2 1 4 0 8]
  [3 6 2 5 1 7]
  ...
  [3 6 2 4 7 0]
  [7 2 3 1 0 6]
  [2 7 6 5 4 1]]

 [[4 0 6 3 2 8]
  [3 5 0 6 7 8]
  [4 0 5 7 8 2]
  ...
  [3 1 7 0 6 8]
  [8 0 4 7 3 2]
  [4 8 2 5 7 1]]

 [[5 1 3 4 8 0]
  [7 5 8 4 1 0]
  [5 3 1 0 4 8]
  ...
  [0 5 7 2 3 8]
  [7 6 8 1 2 5]
  [5 8 0 4 6 2]]]| |[[ 1  0 -1]
 [ 1  1  1]
 [ 1  1 -1]
 [-1  1 -1]
 [ 1  0 -1]
 [ 1 -1 -1]
 [ 1  0 -1]
 [ 1 -1 -1]
 [-1 -1  1]
 [-1  1  1]
 [ 1  1  1]
 [ 1 -1 -1]
 [ 1 -1  1]
 [ 1  0 -1]
 [ 1 -1 -1]
 [ 1 -1  1]
 [ 1  0 -1]
 [-1  1 -1]
 [-1  1  1]
 [-1  1  1]
 [ 1 -1 -1]
 [-1 -1  1]
 [ 1  0 -1]
 [-1  1  1]
 [ 1 -1 -1]
 [-1 -1  1]
 [ 1  1 -1]
 [ 1  1 -1]
 [ 1  0 -1]
 [ 1  1  1]
 [ 1 -1 -1]
 [-1 -1 -1]
 [-1 -1  1]
 [-1  1  1]
 [-1  1  1]
 [ 1 -1  1]
 [-1  1 -1]
 [ 1  1  1]
 [-1 -1  1]
 [-1  1  1]
 [ 1  0 -1]
 [-1 -1  1]
 [ 1 -1 -1]
 [ 1  0 -1]
 [-1 -1  1]
 [-1  1 -1]
 [-1  1 -1]
 [ 1 -1 -1]
 [ 1  1 -1]
 [-1 -1 -1]
 [ 1  0 -1]
 [-1  1  1]
 [ 1 -1 -1]
 [ 1  1  1]
 [-1  1 -1]
 [-1  1  1]
 [ 1 -1  1]
 [-1  1 -1]
 [ 1 -1 -1]
 [ 1  1  1]
 [ 1 -1  1]
 [-1 -1  1]
 [-1  1 -1]
 [-1 -1  1]
 [-1 -1 -1]
 [ 1 -1  1]
 [ 1  1  1]
 [ 1  0 -1]
 [-1  1  1]
 [-1  1  1]
 [ 1 -1  1]
 [-1 -1 -1]
 [ 1  0 -1]
 [-1 -1  1]
 [-1  1  1]
 [-1 -1 -1]
 [ 1 -1 -1]
 [-1  1 -1]
 [-1  1  1]
 [ 1  1 -1]
 [-1  1  1]
 [ 1  1  1]
 [-1 -1  1]
 [-1 -1 -1]
 [-1 -1  1]
 [ 1  1  1]
 [-1  1 -1]
 [-1  1  1]
 [ 1 -1  1]
 [ 1  1  1]
 [ 1  1  1]
 [ 1  1 -1]
 [ 1  1  1]
 [ 1  1 -1]
 [ 1  0 -1]
 [-1 -1 -1]]| ['space'] |[ 2.54639502e-313  1.56114896e-225  1.43066727e-315  2.54639506e-313
  1.56117987e-225  1.43066739e-315  2.54639506e-313  1.56121079e-225
  1.43066751e-315  2.54639506e-313  1.56124171e-225  1.43066763e-315
  2.54639506e-313  1.56127263e-225  1.43066775e-315  2.54639506e-313
  1.56130354e-225  1.43066787e-315  2.54639506e-313  1.56133446e-225
 -5.48612442e+303 -5.48612928e+303 -5.48612928e+303 -5.48612928e+303
 -5.48612928e+303 -5.48612928e+303 -5.48612928e+303 -5.48612928e+303
 -5.48612928e+303 -5.48612928e+303 -5.48612928e+303 -5.48612928e+303
 -5.48612928e+303 -5.48612928e+303  2.11370674e-314  1.43066858e-315
  6.36598749e-313  1.56151997e-225  1.43066870e-315  6.36598749e-313
  1.56155088e-225  1.43066882e-315  6.36598749e-313  1.56158180e-225
  1.43066893e-315  6.36598749e-313  1.56161272e-225  1.43066905e-315
  6.36598749e-313  1.56164364e-225  1.43066917e-315  6.36598749e-313
  1.56167455e-225  1.43066929e-315  6.36598749e-313  1.56170547e-225
  1.43066941e-315  6.36598749e-313  1.56173639e-225  1.43066953e-315
  6.36598749e-313  1.56176731e-225  1.43066965e-315  6.36598749e-313
  1.56179822e-225  1.43066976e-315  6.36598749e-313  1.56182914e-225
  1.43066633e-315  6.36598749e-313  1.56191159e-225  0.00000000e+000
  1.56191159e-225  1.55659386e-225  4.24399161e-314  8.64076686e-311
  1.43067020e-315  6.36598749e-313  1.56194251e-225  1.43067044e-315
  6.36598749e-313  1.55358447e-225  1.43067210e-315  7.21478580e-313
  1.56243719e-225  1.43067055e-315  6.57818707e-313  1.56203526e-225
  1.43067067e-315  6.57818707e-313  1.56206618e-225  1.43067079e-315
  6.57818707e-313  1.56209709e-225  1.43067091e-315  6.57818707e-313]| 1 |[-1.03077427  2.93022754  1.31552287  1.11314117  3.63262846 -1.60506299
  1.1814301   2.4733267  -1.17452128  0.34330875 -1.3881963   3.57498389
 -0.87282187  1.92134421 -1.41983007 -1.76592137  1.50136496  1.16781619
  2.76276124 -3.76387753 -0.65640401 -1.33728504  1.22345179 -0.37017365
 -1.30837795 -1.4456693   2.35552179 -0.63201125 -4.60566156  2.68050353
 -0.03469472  2.9110022  -3.56505656 -0.76184543  3.63901105  2.73634684
  4.13703303 -1.11287109 -0.34560505 -1.9920128  -2.56805284 -1.47025065
  2.47304968 -0.31004195  1.01194631 -4.63885283  0.27339945 -0.10150296
  0.06254915 -1.49093378  1.46417902  1.38762402  0.45159289  0.85930257
 -1.36171714 -1.14705061 -4.73288994  2.7143406  -2.60246376  1.72805945
  1.16907039 -3.3596039   2.32761277 -1.75268196  3.57577409  0.71405462
  1.92768125  3.0072307   0.14618755 -4.66116666 -0.27916497 -1.25009149
  2.12589941  1.18314941  0.20302358 -3.00488376  2.95282609 -4.26280573
  2.7132301  -3.76491622 -0.91439384 -1.11078614 -2.83970387  0.02591375
  1.03769939  2.86550029 -4.4946709  -3.09197492 -1.0955479   2.3158803
  0.50767613 -1.91712868  0.03873921  2.32443235 -0.31968149 -2.57497474]| |[ 4.6151578   2.64058025  2.86301029 -3.99091931 -1.64877217  4.68601352
 -4.3798897  -3.79402709 -3.22653452  2.84621401  0.84535886 -0.12724777
 -0.7555043  -3.24955476 -0.30005078  0.43557528  1.75067286 -0.54581432
  2.03449462 -0.11840436  1.03852518 -4.17016068  0.25626744 -3.14295265
  2.13917642  2.13705237  3.37375297  0.79009874  1.06014034 -0.24000426
  2.94134575 -0.29804985 -0.96047358  3.11903289  0.14722406 -2.38512249
 -1.18182826  0.43865734 -4.16999287 -0.86607811  0.12597636  1.99611894
 -3.69274687 -1.48960364  4.78482015  0.00746023  4.17821805  1.50606546
 -1.59352314 -0.93396499 -1.80413711  1.34178425 -2.69302762  3.36227687
 -0.435007   -1.02166988 -0.53605786 -3.507359   -2.8360019   3.91605061
 -4.3505955  -0.61247216  3.47618899  0.7909595  -3.21907505  1.49821236
  0.11911409  3.68773355  1.32471679  1.29531689  3.68346564  2.20085762
 -0.40533815  4.55094934 -1.8577472   0.5490227  -1.47008849  1.05398884
  3.71309601  2.99782868 -2.89336164 -1.90642917 -2.4652685   3.97527006
 -4.62836237 -0.34915538 -0.16477766 -3.04928899  4.31703014 -1.83484066
  1.59662277 -2.04787052  1.31214303  4.0604449  -1.54273322 -2.01530765]| |[0.52519169 0.62443289 0.60549256 0.5068317  0.55395967 0.69886609
 0.57404737 0.6029328  0.67569351 0.68681949 0.59077585 0.54290047
 0.66648474 0.60127688 0.70963171 0.52957442 0.55921136 0.70373721
 0.64714588 0.63581114 0.73594138 0.56408383 0.61101807 0.51886524
 0.71411086 0.68449035 0.68768314 0.63351346 0.56896713 0.64975995
 0.6525156  0.59431409 0.69818402 0.57734348 0.64163738 0.51912341
 0.68932506 0.57668477 0.52329681 0.54997351 0.72397744 0.52865995
 0.61014677 0.60412246 0.63982056 0.71160851 0.54935864 0.67824217
 0.71900593 0.72946091 0.62811344 0.61504691 0.73534922 0.70360207
 0.54685908 0.50598414 0.58044365 0.72400615 0.65987794 0.60008378
 0.62601583 0.60759571 0.50287109 0.57020537 0.72604144 0.59071916
 0.55577015 0.72949978 0.67766978 0.51651416 0.53738807 0.74207664
 0.66324563 0.65245065 0.56845659 0.74618637 0.50352294 0.73548213
 0.57737323 0.51724182 0.59244111 0.74031275 0.60159095 0.74035831
 0.66665995 0.73736305 0.55740881 0.68847914 0.60625593 0.58869688
 0.53289563 0.60778775 0.7058783  0.69412492 0.67622117 0.50528572]| 800 2 96 circle |[[1 1 1 ... 1 1 1]
 [1 1 1 ... 1 1 1]
 [1 1 1 ... 1 1 1]
 [1 1 1 ... 1 1 1]]| |['', '', '', '', '', '', '', '', '', '', '', '', '', '', '', '', '', '', '', '', '', '', '', '', '', '', '', '', '', '', '', '', '', '', '', '', '', '', '', '', '', '', '', '', '', '', '', '', '', '', '', '', '', '', '', '', '', '', '', '', '', '', '', '', '', '', '', '', '', '', '', '', '', '', '', '', '', '', '', '', '', '', '', '', '', '', '', '', '', '', '', '', '', '', '', '']| ['4']
